-- MySQL dump 10.13  Distrib 8.0.36, for Win64 (x86_64)
--
-- Host: localhost    Database: siggec
-- ------------------------------------------------------
-- Server version	8.0.36-0ubuntu0.20.04.1

/*!40101 SET @OLD_CHARACTER_SET_CLIENT=@@CHARACTER_SET_CLIENT */;
/*!40101 SET @OLD_CHARACTER_SET_RESULTS=@@CHARACTER_SET_RESULTS */;
/*!40101 SET @OLD_COLLATION_CONNECTION=@@COLLATION_CONNECTION */;
/*!50503 SET NAMES utf8 */;
/*!40103 SET @OLD_TIME_ZONE=@@TIME_ZONE */;
/*!40103 SET TIME_ZONE='+00:00' */;
/*!40014 SET @OLD_UNIQUE_CHECKS=@@UNIQUE_CHECKS, UNIQUE_CHECKS=0 */;
/*!40014 SET @OLD_FOREIGN_KEY_CHECKS=@@FOREIGN_KEY_CHECKS, FOREIGN_KEY_CHECKS=0 */;
/*!40101 SET @OLD_SQL_MODE=@@SQL_MODE, SQL_MODE='NO_AUTO_VALUE_ON_ZERO' */;
/*!40111 SET @OLD_SQL_NOTES=@@SQL_NOTES, SQL_NOTES=0 */;

--
-- Table structure for table `adm_log`
--

DROP TABLE IF EXISTS `adm_log`;
/*!40101 SET @saved_cs_client     = @@character_set_client */;
/*!50503 SET character_set_client = utf8mb4 */;
CREATE TABLE `adm_log` (
  `id_admlog` int NOT NULL AUTO_INCREMENT,
  `nombre_tabla` varchar(100) DEFAULT NULL,
  `nombre_objeto` varchar(100) DEFAULT NULL,
  `id_objeto` varchar(50) DEFAULT NULL,
  `tipo_transaccion` varchar(50) DEFAULT NULL,
  `descripcion` text,
  `nombre` varchar(100) DEFAULT NULL,
  `usuario` varchar(50) DEFAULT NULL,
  `publicIP` varchar(100) DEFAULT NULL,
  `privateIP` varchar(100) DEFAULT NULL,
  `navegator` varchar(100) DEFAULT NULL,
  `fecha_creacion` varchar(50) DEFAULT NULL,
  PRIMARY KEY (`id_admlog`)
) ENGINE=InnoDB AUTO_INCREMENT=157 DEFAULT CHARSET=utf8mb4 COLLATE=utf8mb4_0900_ai_ci;
/*!40101 SET character_set_client = @saved_cs_client */;

--
-- Dumping data for table `adm_log`
--

LOCK TABLES `adm_log` WRITE;
/*!40000 ALTER TABLE `adm_log` DISABLE KEYS */;
INSERT INTO `adm_log` VALUES (110,'usuarios','Inicio de sesion','1','Consulta','Inicio de admin','Administrador','admin','189.218.28.25','189.218.28.25','chrome, Chrome 123','03/04/2024 09:49:12'),(111,'carpetas','Consulto modulo carpetas de investigacion','1','Consulta','Consulto el modulo de carpetas de investigacion:  por admin','Administrador','admin','189.218.28.25','189.218.28.25','chrome, Chrome 123','03/04/2024 09:49:17'),(112,'usuarios','Inicio de sesion','1','Consulta','Inicio de admin','Administrador','admin','','189.218.28.25','chrome, Chrome 123','03/04/2024 09:52:32'),(113,'usuarios','Consulto modulo usuarios','1','Consulta','Consulto el modulo de usuarios:  por admin','Administrador','admin','','189.218.28.25','chrome, Chrome 123','03/04/2024 09:52:46'),(114,'usuariosapp','Consulto modulo usuarios app','1','Consulta','Consulto el modulo de usuarios app:  por admin','Administrador','admin','','189.218.28.25','chrome, Chrome 123','03/04/2024 09:52:48'),(115,'carpetas','Consulto modulo carpetas de investigacion','1','Consulta','Consulto el modulo de carpetas de investigacion:  por admin','Administrador','admin','','189.218.28.25','chrome, Chrome 123','03/04/2024 09:52:58'),(116,'usuariosapp','Consulto modulo usuarios app','1','Consulta','Consulto el modulo de usuarios app:  por admin','Administrador','admin','','189.218.28.25','chrome, Chrome 123','03/04/2024 09:53:20'),(117,'usuariosapp','Consulta actividad de detalle de usuario appgrupotlk','Grupo TLK','Consulta','Visualizo los detalles de usuario app  por admin','Administrador','admin','','189.218.28.25','chrome, Chrome 123','03/04/2024 09:53:20'),(118,'peritos/indicios','Consulto modulo peritos/indicios','1','Consulta','Consulto el modulo de peritos/indicios:  por admin','Administrador','admin','189.218.28.25','189.218.28.25','chrome, Chrome 123','03/04/2024 09:54:03'),(119,'usuariosapp','Consulto modulo usuarios app','1','Consulta','Consulto el modulo de usuarios app:  por admin','Administrador','admin','189.218.28.25','189.218.28.25','chrome, Chrome 123','03/04/2024 09:54:32'),(120,'carpetas','Consulto modulo carpetas de investigacion','1','Consulta','Consulto el modulo de carpetas de investigacion:  por admin','Administrador','admin','189.218.28.25','189.218.28.25','chrome, Chrome 123','03/04/2024 09:56:57'),(121,'usuarios','Consulto modulo usuarios','1','Consulta','Consulto el modulo de usuarios:  por admin','Administrador','admin','189.218.28.25','189.218.28.25','chrome, Chrome 123','03/04/2024 09:56:58'),(122,'usuarios','Inicio de sesion','1','Consulta','Inicio de admin','Administrador','admin','189.218.28.25','189.218.28.25','chrome, Chrome 123','03/04/2024 09:56:59'),(123,'usuarios','Consulto modulo usuarios','1','Consulta','Consulto el modulo de usuarios:  por admin','Administrador','admin','189.218.28.25','189.218.28.25','chrome, Chrome 123','03/04/2024 09:59:12'),(124,'peritos/indicios','Consulto modulo peritos/indicios','1','Consulta','Consulto el modulo de peritos/indicios:  por admin','Administrador','admin','189.218.28.25','189.218.28.25','chrome, Chrome 123','03/04/2024 09:59:30'),(125,'usuarios','Inicio de sesion','1','Consulta','Inicio de admin','Administrador','admin','189.218.28.25','189.218.28.25','chrome, Chrome 123','03/04/2024 10:01:48'),(126,'carpetas','Consulto modulo carpetas de investigacion','1','Consulta','Consulto el modulo de carpetas de investigacion:  por admin','Administrador','admin','189.218.28.25','189.218.28.25','chrome, Chrome 123','03/04/2024 10:01:50'),(127,'peritos/indicios','Consulto modulo peritos/indicios','1','Consulta','Consulto el modulo de peritos/indicios:  por admin','Administrador','admin','189.218.28.25','189.218.28.25','chrome, Chrome 123','03/04/2024 10:01:52'),(128,'usuarios','Inicio de sesion','1','Consulta','Inicio de admin','Administrador','admin','189.218.28.25','189.218.28.25','chrome, Chrome 123','03/04/2024 03:50:32'),(129,'usuarios','Consulto modulo usuarios','1','Consulta','Consulto el modulo de usuarios:  por admin','Administrador','admin','189.218.28.25','189.218.28.25','chrome, Chrome 123','03/04/2024 03:50:47'),(130,'usuariosapp','Consulto modulo usuarios app','1','Consulta','Consulto el modulo de usuarios app:  por admin','Administrador','admin','189.218.28.25','189.218.28.25','chrome, Chrome 123','03/04/2024 03:50:48'),(131,'carpetas','Consulto modulo carpetas de investigacion','1','Consulta','Consulto el modulo de carpetas de investigacion:  por admin','Administrador','admin','189.218.28.25','189.218.28.25','chrome, Chrome 123','03/04/2024 03:50:48'),(132,'peritos/indicios','Consulto modulo peritos/indicios','1','Consulta','Consulto el modulo de peritos/indicios:  por admin','Administrador','admin','189.218.28.25','189.218.28.25','chrome, Chrome 123','03/04/2024 03:50:54'),(133,'usuarios','Inicio de sesion','1','Consulta','Inicio de admin','Administrador','admin','189.218.28.25','189.218.28.25','chrome, Chrome 123','03/04/2024 03:50:56'),(134,'usuarios','Inicio de sesion','1','Consulta','Inicio de admin','Administrador','admin','189.218.28.25','189.218.28.25','chrome, Chrome 123','03/04/2024 03:52:23'),(135,'usuarios','Inicio de sesion','1','Consulta','Inicio de admin','Administrador','admin','189.218.28.25','189.218.28.25','chrome, Chrome 123','03/04/2024 03:53:37'),(136,'peritos/indicios','Consulto modulo peritos/indicios','1','Consulta','Consulto el modulo de peritos/indicios:  por admin','Administrador','admin','189.218.28.25','189.218.28.25','chrome, Chrome 123','03/04/2024 03:53:47'),(137,'carpetas','Consulto modulo carpetas de investigacion','1','Consulta','Consulto el modulo de carpetas de investigacion:  por admin','Administrador','admin','189.218.28.25','189.218.28.25','chrome, Chrome 123','03/04/2024 03:53:50'),(138,'peritos/indicios','Consulto modulo peritos/indicios','1','Consulta','Consulto el modulo de peritos/indicios:  por admin','Administrador','admin','189.218.28.25','189.218.28.25','chrome, Chrome 123','03/04/2024 03:54:07'),(139,'carpetas','Consulto modulo carpetas de investigacion','1','Consulta','Consulto el modulo de carpetas de investigacion:  por admin','Administrador','admin','189.218.28.25','189.218.28.25','chrome, Chrome 123','03/04/2024 04:05:27'),(140,'peritos/indicios','Consulto modulo peritos/indicios','1','Consulta','Consulto el modulo de peritos/indicios:  por admin','Administrador','admin','189.218.28.25','189.218.28.25','chrome, Chrome 123','03/04/2024 04:07:57'),(141,'carpetas','Consulto modulo carpetas de investigacion','1','Consulta','Consulto el modulo de carpetas de investigacion:  por admin','Administrador','admin','189.218.28.25','189.218.28.25','chrome, Chrome 123','03/04/2024 04:08:04'),(142,'usuarios','Inicio de sesion','1','Consulta','Inicio de admin','Administrador','admin','189.218.28.25','189.218.28.25','chrome, Chrome 123','03/04/2024 04:08:07'),(143,'usuarios','Inicio de sesion','1','Consulta','Inicio de admin','Administrador','admin','189.218.28.25','189.218.28.25','firefox, Firefox 124','03/04/2024 07:22:20'),(144,'usuarios','Inicio de sesion','1','Consulta','Inicio de admin','Administrador','admin','187.223.93.144','187.223.93.144','chrome, Chrome 123','04/04/2024 09:21:30'),(145,'peritos/indicios','Consulto modulo peritos/indicios','1','Consulta','Consulto el modulo de peritos/indicios:  por admin','Administrador','admin','187.223.93.144','187.223.93.144','chrome, Chrome 123','04/04/2024 09:21:34'),(146,'carpetas','Consulto modulo carpetas de investigacion','1','Consulta','Consulto el modulo de carpetas de investigacion:  por admin','Administrador','admin','187.223.93.144','187.223.93.144','chrome, Chrome 123','04/04/2024 09:21:35'),(147,'carpetas','Consulta detalle de carpeta fermjvnejvrk','fermjvnejvrk','Consulta','Visualizo los detalles de la carpeta  por admin','Administrador','admin','187.223.93.144','187.223.93.144','chrome, Chrome 123','04/04/2024 09:21:35'),(148,'carpetas','Consulta PDF de carpeta fermjvnejvrk','fermjvnejvrk','Consulta','Visualizo los detalles del PDf de carpeta  por admin','Administrador','admin','187.223.93.144','187.223.93.144','chrome, Chrome 123','04/04/2024 09:21:35'),(149,'carpetas','Consulta detalle de carpeta fermjvnejvrk','fermjvnejvrk','Consulta','Visualizo los detalles de la carpeta  por admin','Administrador','admin','187.223.93.144','187.223.93.144','chrome, Chrome 123','04/04/2024 09:21:35'),(150,'indicios','Consulta detalle de indicio 1','9','Consulta','Visualizo los detalles del indicio  por admin','Administrador','admin','187.223.93.144','187.223.93.144','chrome, Chrome 123','04/04/2024 09:21:35'),(151,'peritos/indicios','Consulto modulo peritos/indicios','1','Consulta','Consulto el modulo de peritos/indicios:  por admin','Administrador','admin','187.223.93.144','187.223.93.144','chrome, Chrome 123','04/04/2024 09:23:35'),(152,'usuarios','Inicio de sesion','1','Consulta','Inicio de admin','Administrador','admin','187.223.93.144','187.223.93.144','chrome, Chrome 123','04/04/2024 09:30:19'),(153,'usuarios','Inicio de sesion','1','Consulta','Inicio de admin','Administrador','admin','187.223.93.144','187.223.93.144','chrome, Chrome 123','05/04/2024 12:45:16'),(154,'carpetas','Consulta detalle de carpeta fermjvnejvrk','fermjvnejvrk','Consulta','Visualizo los detalles de la carpeta  por admin','Administrador','admin','187.223.93.144','187.223.93.144','chrome, Chrome 123','05/04/2024 12:45:21'),(155,'carpetas','Consulto modulo carpetas de investigacion','1','Consulta','Consulto el modulo de carpetas de investigacion:  por admin','Administrador','admin','187.223.93.144','187.223.93.144','chrome, Chrome 123','05/04/2024 12:45:21'),(156,'indicios','Consulta detalle de indicio 1','9','Consulta','Visualizo los detalles del indicio  por admin','Administrador','admin','187.223.93.144','187.223.93.144','chrome, Chrome 123','05/04/2024 12:45:21');
/*!40000 ALTER TABLE `adm_log` ENABLE KEYS */;
UNLOCK TABLES;

--
-- Table structure for table `cadaver`
--

DROP TABLE IF EXISTS `cadaver`;
/*!40101 SET @saved_cs_client     = @@character_set_client */;
/*!50503 SET character_set_client = utf8mb4 */;
CREATE TABLE `cadaver` (
  `id_cadaver` int NOT NULL AUTO_INCREMENT,
  `identificacionD` varchar(255) NOT NULL,
  `nombreD` varchar(255) NOT NULL,
  `apodoD` varchar(255) NOT NULL,
  `edadD` varchar(255) NOT NULL,
  `sexoD` varchar(255) NOT NULL,
  `parentescoD` varchar(255) NOT NULL,
  `sParticulares` varchar(255) NOT NULL,
  `noP` varchar(255) NOT NULL,
  `descripcionD` varchar(255) NOT NULL,
  `vestimenta` varchar(255) NOT NULL,
  `tipoPrenda` varchar(255) NOT NULL,
  `posicion` varchar(255) NOT NULL,
  `descripcionV` varchar(255) NOT NULL,
  `orientacion1` varchar(255) NOT NULL,
  `orientacion2` varchar(255) NOT NULL,
  `orientacion3` varchar(255) NOT NULL,
  `orientacion4` varchar(255) NOT NULL,
  `orientacion5` varchar(255) NOT NULL,
  `observacionesO` varchar(255) NOT NULL,
  `observacionesPC` varchar(255) NOT NULL,
  `ataduras` varchar(255) NOT NULL,
  `idA` varchar(255) NOT NULL,
  `descripcionA` varchar(255) NOT NULL,
  `obeservacionesA` varchar(255) NOT NULL,
  `fenomenosCadavericos` varchar(255) NOT NULL,
  `especifiqueFC` varchar(255) NOT NULL,
  `noAplica` varchar(255) NOT NULL,
  `lesionesVisibles` varchar(255) NOT NULL,
  `simbologia` varchar(255) NOT NULL,
  `tipoLesion` varchar(255) NOT NULL,
  `descripcionLV` varchar(255) NOT NULL,
  `ubicacionLV` varchar(255) NOT NULL,
  `diagramaCorporal` varchar(255) NOT NULL,
  `pertenencias` varchar(255) NOT NULL,
  `identificacionP` varchar(255) NOT NULL,
  `descripcionP` varchar(255) NOT NULL,
  `fechaEntrega` varchar(255) NOT NULL,
  `lugarEntrega` varchar(255) NOT NULL,
  `observacionesP` varchar(255) NOT NULL,
  `horaLevantamiento` varchar(255) NOT NULL,
  `observacionesL` varchar(255) NOT NULL,
  `createAt` varchar(255) NOT NULL,
  `latitud` varchar(255) NOT NULL,
  `longitud` varchar(255) NOT NULL,
  `nombre` varchar(255) NOT NULL,
  `cargo` varchar(255) NOT NULL,
  `firma` varchar(255) NOT NULL,
  `nuc` varchar(255) NOT NULL,
  `folio` varchar(255) NOT NULL,
  PRIMARY KEY (`id_cadaver`)
) ENGINE=InnoDB DEFAULT CHARSET=utf8mb4 COLLATE=utf8mb4_0900_ai_ci;
/*!40101 SET character_set_client = @saved_cs_client */;

--
-- Dumping data for table `cadaver`
--

LOCK TABLES `cadaver` WRITE;
/*!40000 ALTER TABLE `cadaver` DISABLE KEYS */;
/*!40000 ALTER TABLE `cadaver` ENABLE KEYS */;
UNLOCK TABLES;

--
-- Table structure for table `carpeta`
--

DROP TABLE IF EXISTS `carpeta`;
/*!40101 SET @saved_cs_client     = @@character_set_client */;
/*!50503 SET character_set_client = utf8mb4 */;
CREATE TABLE `carpeta` (
  `nuc` varchar(50) NOT NULL,
  `isOpen` varchar(45) DEFAULT NULL,
  `horaIntervencion` varchar(25) DEFAULT NULL,
  `horaCreacion` varchar(25) DEFAULT NULL,
  `fechaIntervencion` varchar(25) DEFAULT NULL,
  `lugar` varchar(150) DEFAULT NULL,
  `institucion` varchar(150) DEFAULT NULL,
  `inicio` varchar(50) DEFAULT NULL,
  `folio` varchar(50) DEFAULT NULL,
  `entregado` varchar(45) DEFAULT NULL,
  PRIMARY KEY (`nuc`),
  UNIQUE KEY `nuc` (`nuc`)
) ENGINE=InnoDB DEFAULT CHARSET=utf8mb4 COLLATE=utf8mb4_0900_ai_ci;
/*!40101 SET character_set_client = @saved_cs_client */;

--
-- Dumping data for table `carpeta`
--

LOCK TABLES `carpeta` WRITE;
/*!40000 ALTER TABLE `carpeta` DISABLE KEYS */;
INSERT INTO `carpeta` VALUES ('fermjvnejvrk','true','11:47 PM','23:47:04','2024-03-27','ferre','PGJE','Localización','vervreb','false');
/*!40000 ALTER TABLE `carpeta` ENABLE KEYS */;
UNLOCK TABLES;

--
-- Table structure for table `entrega`
--

DROP TABLE IF EXISTS `entrega`;
/*!40101 SET @saved_cs_client     = @@character_set_client */;
/*!50503 SET character_set_client = utf8mb4 */;
CREATE TABLE `entrega` (
  `id_entrega` int NOT NULL AUTO_INCREMENT,
  `nuc` varchar(50) DEFAULT NULL,
  `folio` varchar(50) DEFAULT NULL,
  `lugarentrega` varchar(100) DEFAULT NULL,
  `hora` varchar(50) DEFAULT NULL,
  `fecha` varchar(50) DEFAULT NULL,
  `embalaje` varchar(100) DEFAULT NULL,
  `nombreentrega` varchar(100) DEFAULT NULL,
  `nombrerecibe` varchar(100) DEFAULT NULL,
  `institucionentrega` varchar(50) DEFAULT NULL,
  `institucionrecibe` varchar(50) DEFAULT NULL,
  `cargoentrega` varchar(50) DEFAULT NULL,
  `cargorecibe` varchar(50) DEFAULT NULL,
  `firmaentrega` text,
  `firmarecibe` text,
  `naturaleza` varchar(50) DEFAULT NULL,
  `clase` varchar(150) DEFAULT NULL,
  `observacion` varchar(45) DEFAULT NULL,
  `permanencia` varchar(45) DEFAULT NULL,
  `proposito` varchar(45) DEFAULT NULL,
  `propositorecibe` varchar(45) DEFAULT NULL,
  `identificadores` varchar(45) DEFAULT NULL,
  PRIMARY KEY (`id_entrega`)
) ENGINE=InnoDB AUTO_INCREMENT=13 DEFAULT CHARSET=utf8mb4 COLLATE=utf8mb4_0900_ai_ci;
/*!40101 SET character_set_client = @saved_cs_client */;

--
-- Dumping data for table `entrega`
--

LOCK TABLES `entrega` WRITE;
/*!40000 ALTER TABLE `entrega` DISABLE KEYS */;
INSERT INTO `entrega` VALUES (12,'123','123','Aqui','15:53:30','2024-04-03','','Grupo TLK','Yo','PGJE','Nose','PERITO CRIMINALISTA','Tampoco se','iVBORw0KGgoAAAANSUhEUgAABxAAAALBCAYAAAB4NTRBAAAAAXNSR0IArs4c6QAAAARzQklUCAgICHwIZIgAACAASURBVHic7N3tdVtHezXgOVn5b6QCIxUYqeBhKjA7MFOBlQqit4JXHVipwHwqMF2BoAoIVUCogp0fOJDAESiKJIjBGVzXWlzAAT+0RcHkMjfve0oBAAAAAAAAAAAAAAAAAAAAAAAAAAAAAAAAAAAAAAAAAAAAAAAAAAAAAAAAAAAAAAAAAAAAAAAAAAAAAAAAAAAAAAAAAAAAAAAAAAAAAAAAAAAAAAAAAAAAAAAAAAAAAAAAAAAAAAAAAAAAAAAAAAAAAAAAAAAAAAAAAAAAAAAAAAAAAAAAAAAAAAAAAAAAAAAAAAAAAAAAAAAAAAAAAAAAAAAAAAAAAAAAAAAAAAAAAAAAAAAAAAAAAAAAAAAAAAAAAAAAAAAAAAAAAAAAAAAAAAAAAAAAAAAAAAAAAAAAAAAAAAAAAAAAAAAAAAAAAAAAAAAAAAAAAAAAAAAAAAAAAAAAAAAAAAAAAAAAAAAAAAAAAAAAAAAAAAAAAAAAAAAAAAAAAAAAAAAAAAAAAAAAAAAAAAAAAAAAAAAAAAAAAAAAAAAAAAAAAAAAAAAAAAAAAAAAAAAAAAAAAAAAAAAAAAAAAAAAAAAAAAAAAAAAAAAAAAAAAAAAAAAAAAAAAAAAAAAAAAAAAAAAAAAAAAAAAAAAAAAAAAAAAAAAAAAAAAAAAAAAAAAAAAAAAAAAAAAAAAAAAAAAAAAAAAAAAAAAAAAAAAAAAAAAAAAAAAAAAAAAAAAAAAAAAAAAAAAAAAAAAAAAAAAAAAAAAAAAAAAAAAAAAAAAAAAAAAAAAAAAAAAAAAAAAAAAAAAAAAAAAAAAAAAAAAAAAAAAAAAAAAAAAAAAAAAAAAAAAAAAAAAAAAAAAAAAAAAAAAAAAAAAAAAAAAAAAAAAAAAAAAAAAAAAAAAAAAAAAAAAAAAAAAAAAAAAAAAAAAAAAAAAAAAAAAAeNLQOAAAAz5VkVkqZl1J+KqVs75fx/kUpZbXz2Pbx7e1653Y9Pr4upSzH+8tSyqdSymoYhnUBAAAAOBMKRAAATlqSeSnll1LKomzKwO3t7Hvvd2Cr8rVovNm5/7GUsh6GYXXELAAAAACvSoEIAMBJSfKPsikJL8fbYxaFL7EsXwvGVSnl4zAMy++/CwAAAMDpUSACAHB0O6tH900W9mRdNmXispRyXUr52zpUAAAA4NQpEAEAeHVjYfiPsjmX8KJsysKX+li+rhLdFnXbMwzXZVwtmmT2WGk35tt9me95+fkAmUv5WihuXz4Va1ABAACAE6JABADg4MZC7tfytSx8SWH4d/latq1KKctWU3zjeYzbv8t2YnL72E8v/PDb8nNZNmtQTSsCAAAATSgQAQB4kbFU264i3V1H+lSfy9fybFsUTuYMwZ21rNu//7Y8fUmxuF19+s8pfS4AAACAaVMgAgDwZEkWpZTfSimX5XnnFn4qm5LwpoxTd72u8ByLxW2ZuP18PadUXJVNmfi/ykQAAADgNSkQAQD4IeOk4W+llKvy9NJwdw3pTa9l4Y9KclE2n8Pt1OKibM6I/FHbMvF6GIa/D58QAAAAAAAA9kgyS/Jbkr/y49ZJbpK8S3LZ+u8wJUkWSa6SvE+y+sHP912SP8ZSEgAAAAAAAA5vLLL+/MECa7ktC7OZUuRAxn+HN+Pn+EfcJvk9m7WpAAAAAAAA8DJJfs2PTRuuxmJLYXgkSeZPLBNNJQIAAAAAAPA84/Tgh0cKqXU2qzUXrfOeu7FMvEpy/QNF4m2S31tnBgAAAAAAYAKyOePwsYnD93GW4cka/w3f5PEzE2+T/E/rvAAAAAAAAJyoJBdJ7r4zbfguVpROSjaTpI9NJd4l+bV1VgAAAAAAAE5Ikt8fKQ5nrTPyfNmsOH37yFTiXwpiAAAAAACAM5fNusv/eaBQulEo9SWPrze9i7WmAAAAAAAA52ucLtw3dfi2dTZez1gkvn1kGnHROicAAAAAAABHlOSPB8rDi9bZOI6xSHzojMTbJG9aZwQAAAAAAOAIHigPl3HW4VlKcpmH15r+5XkBAAAAAADQsSR/7isPW+eirXEacd9K263fFYkAAAAAAACdeaA8XCWZt87GaUhyMU6j7vOn5woAAAAAAEAnkrx5oDw0VcY9PzKN2DojAAAAAAAALzAWQiYPeZJszkZcP1AiOhsRAAAAAABgisby8NbkIc+V5P0DJeJtkovW+QAAAAAAAPhBSeYPFD9KH57kO9OId0kuW+cDAAAAAADgEUkuHigP37TOxjSNhfSN5xUAAAAAAMDEJFmMk2G1d7G6lBcan0f7XLXOBgAAAAAAQCX7zzxMkrets9GPJFdKRAAAAAAAgBM3rpj8S3nIMWRzLmLtTokIAAAAAABwAsby8M89hc5N62z0K5uzNtd7SsTL1tkAAAAAAADOWpL/v6c8XMaZh7yyB0rEWyUiAAAAAABAIw+UhyvlIccyrjNVIgIAAAAAALT2wDl06yTz1tk4Lw+UiNaZAgAAAAAAHEuS2TjlVVMe0kSSqwdKxIvW2QAAAAAAALo3ljW1t61zcd4emESMSUQAAAAAAIBXluRDVdAsW2eCUh5crWsSEQAAAAAA4LU8MH2onOFkfKdEtGIXAAAAAADg0JJcV8XMqnUmqCV5u6dEvE0ya50NAAAAAACgK+Mk1643rTPBPg+UiH+1zgUAAAAAANCNB1ZDWgvJyUryfs9z9m3rXAAAAAAAAF3Ys7502ToTPCbJck+J6NxOAAAAAACAl0gy21PCWF/KyRufu+vqufuhdS4AAAAAAIBJS3JlfSlTleTCKlMAAAAAAIADsr6UqUvybk+JuGidCwAAAAAAYJKSrExvMWXjKtP6eWyVKQAAAAAAwFNl//mHV61zwVMlWex5LjvLEwAAAAAA4Cmy//xDqx+ZpD2rTG89nwEAAAAAAJ4g355/uGqdCZ5rnKhdVs/pP1vnAgAAAAAAmIQk8z3Th+9a54KXeGCV6WXrXAAAAAAAACcvyVvrS+nRnlWmd60zAQAAAAAAnLzxfDjrS+nOuMp0XT2/37fOBQAAAAAAcLKSXFpfSs+SXO15jl+0zgUAAAAAAHByxumsfawvpStJrqvn+IfWmQAAAAAAAE5Okvd7ysNl61xwaEnme57rb1rnAgAAAAAAOBnj9OGd6UPORZJ31XP9LsmsdS4AAAAAAICT8MC5cNetc8FrGUvzdfWcd94nAAAAAABAKaUk+WD6kHOzpzg3hQgAAAAAAJDkck956OxDzkKSVfXcf9s6EwAAAAAAQFNJrvcUiFetc8Ex7JlCvG2dCQAAAAAAoKkkt1WBsrLGkXOyZwpRgQ4AAAAN/EvrAAAAlDKeczivHr4ZhmHdIg808q66vmySAgAAAAAAoLUkb/asL33TOhccU5JZknX130FdrAMAAACvzAQiAMBp2FeSLI+eAhoaJ26vq4dNIQIAAMCRKRABAE7DvgLR+lLOUb3G9LcmKQAAAOCMKRABAE7DvrJQgcjZGYZhWUr5tPPQYjwjFAAAADgSBSIAwGmo1zZ+HIZh1SQJtFf/93DVJAUAAAAAAEBLSRZJ3ia5SjJrnQdaSTLPfbetMwEAAAAAAAANJVlWJaI1pgAAAHAkVpgCAACn6H11fdkkBQAAAAAAANDenjWmN60zAQAAAAAAAA0lWVUlorNBAQAA4AisMAUAAE5VPXV40SQFAAAAnBkFIgAAcKrqAtE5iAAAAAAAAHCuksyqFaZ3rTMBAAAAAAAADSW5qUrERetMAAAA0DsrTAEAgFN2XV1bYwoAAAAAAADnKsmimkD80DoTAAAAAAAA0FCSVVUizltnAgAAgJ5ZYQoAAJw6a0wBAADgiBSIAADAqasLxIsmKQAAAAAAAIDTkGRdrTGdtc4EAAAAvTKBCAAATIEpRAAAADgSBSIAADAFN9W1AhEAAAAAAADOVZJ5tcL0tnUmAAAAAAAAoKEky6pEnLfOBAAAAD2ywhQAAJgKa0wBAADgCBSIAADAVNQFoglEAAAAeAUKRAAAYCqW1bUJRAAAAAAAADhnSe52zkC8a50HAAAAemQCEQAAmJKPO/dnSawxBQAAgANTIAIAAFNSrzFVIAIAAMCBKRABAIApWVXXzkEEAACAA1MgAgAAU1JPIC6apAAAAAAAAABOQ+770DoPAAAAAAAA0FCSVVUiOgcRAAAADsgKUwAAYGquq+vLJikAAAAAAACA9pIsqgnE29aZAAAAAAAAgIb2rDFdtM4EAAAAvbDCFAAAmKL31fVFkxQAAAAAAABAe3vWmH5onQkAAAAAAABoaM8a03nrTAAAANADK0wBAICpuq6urTEFAACAA1AgAgAAU3VTXSsQAQAAAAAA4FwlmVUrTG9bZwIAAAAAAAAaSrKsSsRZ60wAAAAwdVaYAgAAU7aqrhdNUgAAAEBHFIgAAMCULatrBSIAAAC8kAIRAACYMgUiAAAAHJgCEQAAmLJ6hem8SQoAAAAAAADgNOS+29Z5AAAAAAAAgIaSrHYbxNZ5AAAAYOqsMAUAAKbu3jmISS5aBQEAAIAeKBABAICpW1bXsyYpAAAAoBMKRAAAYOpW1fWiSQoAAADohAIRAACYunoC0QpTAAAAAAAAOGe57651HgAAAAAAAKChJDdViThvnQkAAACmygpTAACgB/UaU+cgAgAAwDMpEAEAgB5cV9cKRAAAAHgmBSIAANCDWesAAAAA0AsFIgAA0IP1I9cAAADAD1IgAgAAPZi3DgAAAAC9UCACAAA9sMIUAAAADkSBCAAA9MAKUwAAADgQBSIAAAAAAADwhQIRAADokZWmAAAA8EwKRAAAoEcKRAAAAHgmBSIAAAAAAADwhQIRAADowbp1AAAAAOiFAhEAAOiBAhEAAAAORIEIAAD0aNE6AAAAAEyVAhEAAOhBPYE4a5ICAAAAOqBABAAAerBqHQAAAAB6oUAEAAAmbxgGZyACAAAAAAAAX+W+u9Z5AAAAAAAAgIaS3O02iK3zAAAAwFRZYQoAAPTiU+sAAAAA0AMFIgAA0AvnIAIAAMABKBABAIAuJZm3zgAAAABTpEAEAAAAAAAAvlAgAgAAvZq1DgAAAABTpEAEAAB64QxEAAAAOAAFIgAA0It64nDVJAUAAABMnAIRAAAAAAAA+EKBCAAAdGkYBitNAQAA4BkUiAAAQC9+ah0AAAAAeqBABAAAerF7BuKnZikAAABg4hSIAABAL+atAwAAAEAP/rV1AIBzk2RRSvmzHOaHnOvxZfXE91vtvO+P/jmrnfvf87mUsnLu1NMkmZXN5Mx6vN1O0fxUSlmM93cfn1XXu7bPrXUp5b+HYbh5jcwAJ+6p3xsBAACA0dA6AMC5SXJbzntCYl1KWVaPrcr9gnL39R9blpFJ5qWUn3ceqku8+nbf/a35A/df03IYhv840p8F0Mz4ixh3Ow/9cxiGy1Z5AAAAYMpMIAIc3zmXh6VsSrWLp7xDkvqh3enJhyZMtq/fN6G3m2VW+v43+bfWAQCOpP56bxIeAAAAnkmBCMAU7U739Vz+HcK71gEAjqT+fmCFKQAAADyTAhHg+P4upfyjdQgm4fN4uz2zcte+cylX1e3SWZTAGanXY/sFEwAAAHgmBSLA8V2WzVTYomyKn+003fb+zw+/KxP1qdxfu7ot/+pVrNvr9TAMJmcAXkaBCAAAAM80tA4AwMskWZT95/zNy/0fntbXpiCf5u/x9mZ82Z3s+1IEmvgDaCfJquz8Is4wDP5/BwAAAJ7BBCLAxA3DUK9se7IkF+PdWdlMRtb3F6WUn1765zT0uexM9z3wNutyf/3dzXhrDSjAdNwrEJPMTXQDAADA0ykQASjDMNzsXF5/720fKBvr6cay8zbzsr+82/6Zq/FlvS1Dk+x+7PrP2rUs304CrhR+AGdrWUzYAwAAAAAAAKWUkuRd7rt4/L0AAACA2r+0DgAAAHAg9brSfdPrAAAAwCMUiAAAQC/qFdazJikAAABg4hSIAABAL+oJRAUiAAAAPIMCEQAA6EU9gWiFKQAAADyDAhEAAOhFXSACAAAAz6BABAAAeqFABAAAgANQIAIAAF0YhqEuEH9qEgQAAAAmToEIAAD0atY6AAAAAEyRAhEAAOjV0DoAAAAATJECEQAA6JUVpgAAAPAMfiMXAADoRpLsXg/D4P95AAAA4IlMIAIAAD1Ztw4AAAAAU6dABAAAevK5dQAAAACYOgUiAADQExOIAAAA8EIKRAAAoCcKRAAAAHghBSIAANCtJPPWGQAAAGBqFIgAAEBPVtX1rEkKAAAAmDAFIgAA0DMFIgAAADyRAhEAAOhJPYEIAAAAPJECEQAA6JkzEAEAAOCJFIgAAEBPbqprBSIAAAA8kQIRAADoybq6dgYiAAAAPJECEQAA6EldIJpABAAAgCdSIAIAAN0YhmFVPWQCEQAAAJ5IgQgAAPRmt0T8uVkKAAAAmCgFIgAA0JvPO/eHZikAAAAAAACA9pKssqN1HgAAAJgaE4gAAEBvdkvD+kxEAAAA4BEKRAAAoGefH38TAAAAYJcCEQAA6M2/7dyfNUsBAAAAE6VABAAAevNT6wAAAAAwZQpEAACgZ+vWAQAAAGBqFIgAAEDP0joAAAAATI0CEQAAAAAAAPhCgQgAAAAAAAB8oUAEAAAAAAAAvlAgAgAAPfvcOgAAAABMjQIRAAAAAAAA+EKBCAAAAAAAAHyhQAQAALqRZNY6AwAAAEydAhEAAOiJAhEAAABeSIEIAAD0ZN06AAAAAEydAhEAAOiJCUQAAAB4IQUiAADQEwUiAAAAvJACEQAA6IkCEQAAAF5IgQgAAPRs1ToAAAAATI0CEQAA6Nm6dQAAAACYGgUiAADQk3qFqQIRAAAAnkiBCAAA9MQZiAAAAPBCCkQAAKAnJhABAADghRSIAABAT+oCcdUkBQAAAEyYAhEAAOiJCUQAAAB4IQUiAADQk3nrAAAAADB1CkQAAKAn9QTiskkKAAAAAAAAoL0kt9nROg8AAABMkQlEAACgV6vWAQAAAGCKFIgAAEBPds9A/NwsBQAAAEyYAhEAAOhCkvr8QxOIAAAA8AwKRAAAoBeL6nrdJAUAAABMnAIRAADohQlEAAAAOAAFIgAA0CsFIgAAADyDAhEAAOiFFaYAAABwAApEAACgF3VhqEAEAACAZ1AgAgAAvajPQAQAAACeQYEIAAD0QoEIAAAAB6BABAAAejGvrq0wBQAAgGdQIAIAAL2oC8NVkxQAAAAwcQpEAACgF/UEIgAAAPAMCkQAAAAAAADgCwUiAADQi9nuxTAMzkAEAACAZ1AgAgAAvfh55/7nZikAAABg4hSIAABAL3YnEE0fAgAAwDMpEAEAgB6tWgcAAACAqVIgAgAAk5dk3joDAAAA9EKBCAAA9GBWXVthCgAAAM+kQAQAAHpQF4hWmAIAAMAzKRABAIAe1CtMTSACAADAMykQAQCAHigQAQAA4EAUiAAAQA+sMAUAAIADUSACAAA9MIEIAAAAB6JABAAAelBPIC6bpAAAAAAAAADaS3KXHa3zAAAAAAAAAA3lPtOHAAAA8AJWmAIAAJOWZFE95PxDAAAAeAEFIgAAMHX1+Yc3TVIAAABAJxSIAADA1F1U1yYQAQAA4AUUiAAAQG9WrQMAAADAlCkQAQCAqavPQFQgAgAAwAsoEAEAgKmrz0BUIAIAAAAAAMC5SrLKjtZ5AAAAAAAAgIZy303rPAAAADB1VpgCAACTlWRePbRuEgQAAAA6okAEAACmrC4QnX8IAAAAL6RABAAApkyBCAAAAAemQAQAAKasLhCXTVIAAABARxSIAADAlJlABAAAgANTIAIAAFNWF4jrJikAAAAAAACA9nKf9aUAAABwACYQAQCASUqyqB6yvhQAAAAOQIEIAABMVV0g3jRJAQAAAJ1RIAIAAFNVn39ohSkAAAAcgAIRAACYqovq2gpTAAAAAAAAOFdJ7rKjdR4AAAAAAACgkSTz3Of8QwAAADgQK0wBAIApWlTXzj8EAACAA1EgAgAAU6RABAAAgFeiQAQAAKaoLhBXTVIAAAAAAAAA7SVZ7h6A2DoPAAAAAAAA0FDuW7fOAwAAAD2xwhQAAJiUJBfVQzdNggAAAECnFIgAAMDUzKtr5x8CAADAASkQAQCAqakLRBOIAAAAcEAKRAAAYGrqFaYmEAEAAAAAAOBcJbnNjtZ5AAAAAAAAgIZy37J1HgAAAOiNFaYAAMBkJLG+FAAAAF6ZAhEAAJiSukC8aZICAAAAOqZABAAApmReXVthCgAAAAAAAOcqyW11BuKsdSYAAAAAAACggSSzqjx0/iEAAAC8AitMAQCAqXD+IQAAAByBAhEAAJiKRXWtQAQAAIBXoEAEAACmop5AXDZJAQAAAAAAALRXnX+4bp0HAAAAemUCEQAAOHlJnH8IAAAAR6JABAAApkCBCAAAAEeiQAQAAKZAgQgAAAAAAABsJLnbPQCxdR4AAAAAAACgkSSL3Gf6EAAAAF6RFaYAAMCpq9eXXjdJAQAAAAAAALSX5KaaQFy0zgQAAAAAAAA0UpWH69Z5AAAAoHdWmAIAACcrybx6yPpSAAAAeGUKRAAA4JTVBaIJRAAAAHhlCkQAAOCUXVTXN01SAAAAwBlRIAIAAKesnkBcNUkBAAAAZ0SBCAAAnLJfqmsFIgAAAAAAAJyr3Kc8BAAAgCMwgQgAAJykJPX5h8smQQAAAODMKBABAIBTtaiuFYgAAABwBApEAADgVNUF4k2TFAAAAAAAAEB7SZbVGYiz1pkAAAAAAACARqrycNU6DwAAAJwLK0wBAICTk6ReX6pABAAAgCNRIAIAAKfoorp2/iEAAAAciQIRAAA4RfUEogIRAAAAAAAAzlWS2+oMxFnrTAAAAAAAAEADSeZVebhsnQkAAADOiRWmAADAqbG+FAAAABpSIAIAAKfmoro2gQgAAAAAAADnKsmHaoXpvHUmAAAAAAAAoIEks6o8XLXOBAAAAOfGClMAAOCU1OtLnX8IAAAAR6ZABAAATokCEQAAAAAAANhIcuv8QwAAAAAAAGDf+YfL1pkAAADgHFlhCgAAnIp6fakCEQAAABpQIAIAAKfC+YcAAAAAAADARpIPzj8EAAAAAAAA9p1/uGqdCQAAAM6VFaYAAMApsL4UAAAAToQCEQAAOAWL6lqBCAAAAAAAAOcqyU21wnTWOhMAAAAAAADQgPMPAQAA4LRYYQoAALTm/EMAAAA4IQpEAACgNecfAgAAAAAAABt7zj+ct84EAAAAAAAANJLkzvmHAAAAcDqsMAUAAJpJclFKme08tGyVBQAAANhQIAIAAC1dVNfOPwQAAAAAAIBzleSD8w8BAAAAAACAkmRWlYfOPwQAAIATYIUpAADQivWlAAAAcIIUiAAAQCt1gXjdJAUAAAAAAADQXpLbaoXprHUmAAAAAAAAoIEk86o8XLbOBAAAAGxYYQoAALRwWV07/xAAAABOhAIRAABowfmHAAAAAAAAwEaSu939pa3zAAAAAAAAAI0kuajOPzR9CAAAACfEClMAAODYnH8IAAAAAAAAbCS5rSYQ560zAQAAAAAAAA0kWVTl4bJ1JgAAAOA+K0wBAIBjqteXvm+SAgAAAAAAAGhvz/rSRetMAAAAAAAAQAN71peuWmcCAAAAvmWFKQAAcCxX1bX1pQAAAAAAAHCu9qwvnbfOBAAAAAAAADSQ5LIqD5etMwEAAAD7WWEKAAAcw2V1bX0pAAAAAAAAnKMks3xr1joXAAAAsJ8JRAAA4LXV04f/HIZh3SQJAAAAAAAA0FaSD9X0YV0oAgAAAAAAAOcgyaIqD00eAgAAwImzwhQAAHhNb6rr901SAAAAAAAAAO0luasmEOetMwEAAAAAAAANJLmqysPr1pkAAACAx1lhCgAAvJbfqmsFIgAAAAAAAJyjJPNq+nCdZNY6FwAAAPA4E4gAAMBreFNdXw/DsG6SBAAAAAA4H+N0w7x1DgDgviS31QTionUmAAAA4Mf8a+sAAM8x/hDyz1LKfLwupZRlKWW95/ajiQcAOJ4kl2X8Hj36OAzDslUeAAAA4GmG1gEAniPJdSnl1ye+2011q2AEgFeQ5EMpZXfi8L+GYXjfKg8AAADwNApEYJIyjhwe2Gp8KeXbkvHTMAyrve8FAHwxbgn4sPPQp1LKwi/rAAAAwHRYYQpM1adSys8H/pjz8nXd2kX9yp3Osi4Xt+tSP5dSVn5ACsCZe1NdX/veCAAAANNiAhGYpCTvSim/t87xHdtycTvVuC0ZS+l0mjHJvNwvdWfl/vq62vbzs71fSqefm1Mx/hv9Nl7+r881cGhJZqWU27L5HrD1777eAAAAwLQoEIHJSvK2bCYF6+JqSnbXppbytXg8JYty/wfBs7L5nM/2v/nBbYvG7edlt5ydP/D227ed7VxvH/s8vm85l4mYsTj8vXw7FfQfwzAs97wLwLMkuSql/LHz0N/DMHwz1Q8AAACcNgUi0I2xJNl92RZfi1LKTw2jcfq2BePuxOhivN0tSneLzFn5WmLWk5S705WfW5R0SX4tpVyWzd/joUnQ/zcMw9vjpQJ6l+RDuf8157+GYXjfKg8AAADwPM5ABLoxrkd7cEVaku0ExEX5WizOSim/vH46TtysfJ2sPLjx/My6oNw+V7fX6/KMsnFcF/hL2eS/KJvntWkf4OjG77O75eEn5SEAAABMkwIROBvDMNyMd2/q1+1MLy52bk0uckjb0vp750Juy8ZSvl3duv0Y8537L3V9gI8BsHVVXSsPAQAAYKKsMAX4jnG6a1v6bIvFfzQNdfo+lm/PcazPJNze37Utx5S2r+tj2RSH78epXYAXG38R57Z6+N99nQEAAIBpMoEI8B3DMKzLZmLx3tRikt1Scbuyrdfi61O5vxp2d+VmKaUsx/urQ/+geCxwH1otWp9PuDWvXr/Nudh5ff3xth/nl1LK59Lfv+XfZVMaPwtPhgAADhVJREFUXvthPvBK6unDf/p6AwAAANNlAhHgQMbpi22xeFHaTSpuC7/vnglZWZdNEVhKubfuldFYZn4xlsvb120Lyd31ovtetuXlz68c92P5Wnzf7GYFOLTx6+Ntuf9LHf/pewkAAABMlwIR4BVVk4qLcr9IemjKrS4AtxN+jzn4BCCvZ+fczVK+Pie2P3x/6LnyuXw9G7GUr9Ogu7dLhSFwTEmuSil/7Dz0aRiGfZPjAAAAAAAAQO+S3Oa+ep0pAAAAAAAAcA6SXFXloQloAAAAAAAAOFd7pg/fts4EAAAAAAAANLBv+jDJ7PH3BAAAAAAAALpj+hAAAAAAAAAopZSS5M2e6cN561wAAAAAAABAA0nuTB8CAAAAAAAAD00fOvsQAAAAAAAAzk2SWb71pnUuAAAAAAAAoIEk76rycGX6EAAAAAAAAM5Qkvme6cPL1rkAAAAAAACABpJcV+XhsnUmAAAAAAAAoIEkF3umDxetcwEAAAAAAAANJPlQlYfvW2cCAAAAAAAAGkhytWf6cNY6FwAAAAAAANBAkruqPHzTOhMAAAAAAADQQJK3VXm4NH0IAAAAAAAAZyjJLMltVSBets4FAAAAAAAANLBv+rB1JgAAAAAAAKCBcfqwPvvQ9CEAAAAAAACcoyTvTB8CAAAAAAAA2+nDmulDAAAAAAAAOEdJ/qjKw5vWmQAAAAAAAIAGkiz2TB9etM4FAPxfe3eME1l6hWGYWYFrA5ZqA5YqceTAxA487KCRHTgcdgCSE2fNDpodQOqoSRxD5LSRnDijcgevA6rHFqqioSnuP0U9zwq+P7nB/XTOAQAAAAAYoLo0fQgAAAAAAAAcVEdrpg8Xo3MBAAAAAAAAE6tm1ZdH5eHV6FwAAAAAAADAANXJo/JwWc1H5wIAAAAAAAAmVi3WrC49G50LAAAAAAAAGKD6/Hj6cHQmAAAAAAAAYIA1q0urjkbnAgAAAAAAACZWzav7R+Xh1ehcAAAAAAAAwMSqWXXzeHVpNR+dDQAAAAAAAJhYdbZmdenx6FwAAAAAAADAxKrFmvLQ6lIAAAAAAADYN6vVpV8elYd31Wx0NgAAAAAAAGBi1eWa6cPD0bkAAAAAAACAiVXHa8rD89G5AAAAAAAAgIlV8zWrS69H5wIAAAAAgGGqX1V/qv5S/Xp0HoApVZ8flYfLaj46FwAAAAAADFH9tvr3//04/0/1x9G5AKZQna1ZXXo0OhcAAAAAAAxT/X3Nz/N/js4F8NZWq0sfuxidCwAAAAAAhqru1/xAr5qNzgbwlqqbR9+9W98+AAAAAAD2XvWPNeXhv0bnAnhL1cWj796yOhydCwAAAAAAhqv+sKZA/PPoXABvpTpZ8907G50LAAAAAAB+MarfVH+t/lb9bnQegLdSHa1Z3Xw1OhcAAAAAAAAwsWpefXH3EAAAAAAAAPZcNVtTHi6rxehsAAAAAAAAwMSqyzV3D49G5wIAAAAAAAAmVp2tKQ/PR+cCAAAAAAAAJlYdrSkPr0fnAgAAAAAAACZWLar7R+XhXTUbnQ0AAAAAAACYUDVfUx5WLUZnAwAAAAAAACZWfV5THh6NzgUAAAAAAABMrLpcUx6ejc4FAAAAAAAATKz6uKY8vHb3EAAAAAAAAPZMdbymPLxVHgIAAAAAAMCeqc7WlIfLaj46GwAAAAAAADChDZOHVYvR2QAAAAAAAIAJVScbysPD0dkAAAAAAACACT1RHh6NzgYAAAAAAABMaEN5uFQeAgAAAAAAwJ6pTk0eAgAAAAAAAAfVpw2Th24eAgAAAAAAwD6pPm8oDxejswEAAAAAAAATqm42lIfz0dkAAAAAAACAiVSz6sua8vC2mo3OBwAAAAAAAEykWmwoD6+UhwAAAAAAALBHqqPqfk15eKE8BAAAAAAAgD1SHa8pDqtORmcDAAAAAAAAJlR9VB4CAAAAAADAnqtm1ac1xeGyOh6dDwAAAAAAAJjIqjz8vKE8PBqdDwAAAAAAAJhINa9uNpSHh6PzAQAAAAAAABOpFtWXDTcPF6PzAQAAAAAAABOpDjcUh3fVfHQ+AAAAAAAAYCLV2RPloclDAAAAAAAA2BfV5RPl4Wx0PgAAAAAAAGAC1ay62VAeXikPAQAAAAAAYE+s7h3ebygPr5WHAAAAAAAAsAdWU4enG4rDqvPRGQEAAAAAAIAJrMrDz0+Uh8ejMwIAAAAAAAATqD48URzeVYvRGQEAAAAAAIAJVJ+eKA+vRucDAAAAAAAAJlAdVvcbisOllaUAAAAAAACwB1a3Dk+fmDq8trIUAAAAAAAA9kC1qG6eKA/PRmcEAAAAAAAAJlAdPbGy9Lqaj84IAAAAAAAATKD69MStw5PR+QAAAAAAAIAJVPPqy4by8K46HJ0RAAAAAAAAmMA3VpbeWlkKAAAAAAAAe6CaPbGytOqqmo3OCQAAAAAAALyx6vCJlaVVZ6MzAgAAAAAAABOoTp8oDquOR2cEAAAAAAAA3li1qG6eKA7vqsXonAAAAAAAAMAbWt06/PiNqcNr9w4BAAAAAADgnauOvnHr0L1DAAAAAAAAeO9WU4eX3ygO76rD0VkBAAAAAACAN1SdfqM4rDq3shQAAAAAAADesWpR3Txj6vBodFYAAAAAAADgjazWlX58xtShW4cAAAAAAADwnlUn1f03isOrajE6KwAAAAAAAPBGqg/WlQIAAAAAAMAeW60qPX3GxOGyOq9mozMDAAAAAAAAb2A1cfit4tC6UgAAAAAAAHjPVsXhl2cUh0vrSgEAAAAAAOCdekFxeFedjc4LAAAAAAAAvIHqp2cWh1/Xlc5HZwYAAAAAAAC2qPp99ann3Tj8OnVoXSkAAAAAAAC8F9WiOq1unlka1sOdw7NqNjo/AAAAAAAAsAXVYXX5gtLwq4usKwUAAAAAAIDdV82qDz3/tuHj4nAx+g0AAAAAAADAK1Xz6mPPv2341bI6N3EIAAAAAAAA78Bq2vCla0qX1VV1PDo/AAAAAAAA8ErV4junDW+rY9OGAAAAAAAAsOP6323DmxeWhlV3pg0BAAAAAABgx61Kwx97WFH60mnDelhVejL6HQAAAAAAAMArrCYNP31nafhzcVjNRr8FAAAAAAAA+A7V4StLw7KqFAAAAAAAAHZXNa8+Vl9eURpWXVSL0e8BAAAAAAAAXqhabKk0vK6Os6YUAAAAAAAAdksP60k/9rr1pPWwovSsmo9+EwAAAAAAAPACbW89adVtbhsCAAAAAADAbqlm1YfqZgulYdVVbhsCAAAAAADAbql+rC63VBreVedZUwoAAAAAAAC7Y1UabmtF6bKHacOj0e8CAAAAAAAAnqlaVJ+q+y2UhrfVhdIQAAAAAAAAdkwPdw0/b6E0rIcVpUpDAAAAAAAA2CXVvDptOytKvxaHx6PfBQAAAAAAALxAD2tKL7dUGtbDqlLFIQAAAAAAAOyS6sctFofLHu4bLka/CwAAAAAAAHiBHu4b3mypOLzIfUMAAAAAAADYLdWs+qnt3Te8zrQhAAAAAAAA7JZVcXi6xeLwrjoc/S4AAAAAAADgBap59WlLpeHX4vB49LsAAAAAAACAF6gOq8stFofnmTgEAAAAAACA3bIqDj9vqTS8yLQhAAAAAAAA7J7qQ6+/b7isrqqT0e8BAAAAAAAAvsOWisPr6riajX4PAAAAAAAA8B2qn15ZHN4qDQEAAAAAAGDHrSYO719RGp5U89HvAAAAAAAAAF6h719VuqwulIYAAAAAAADwDryiOLyqjkfnBwAAAAAAALbgO4vDr9OGi9H5AQAAAAAAgC14RXF4ljWlAAAAAAAA8H5U599ZHM5GZwcAAAAAAAC2THEIAAAAAAAA/ExxCAAAAAAAAPxsVRBuKg5PFIcAAAAAAACwR6pjE4cAAAAAvHc/jA4AALBLqvnBwcHi4OBgeXBwcPvDDz8sB0cCAAAAAAAAAAAAAAAAAAAAAAAAAAAAAAAAAAAAAAAAAAAAAAAAAAAAAAAAAAAAAAAAAAAAAAAAAAAAAAAAAAAAAAAAAAAAAAAAAAAAAAAAAAAAAAAAAAAAAAAAAAAAAAAAAAAAAAAAAAAAAAAAAAAAAAAAAAAAAAAAAAAAAAAAAAAAAAAAAAAAAAAAAAAAAAAAAAAAAAAAAAAAAAAAAAAAAAAAAAAAAAAAAAAAAAAAAAAAAAAAAAAAAAAAAAAAAAAAAAAAAAAAAAAAAAAAAAAAAAAAAAAAAAAAAAAAAAAAAAAAAAAAAAAAAAAAAAAAAAAAAAAAAAAAAAAAAAAAAAAAAAAAAAAAAAAAAAAAAAAAAAAAAAAAAAAAAAAAAAAAAAAAAAAAAAAAAAAAAAAAAAAAAAAAAAAAAAAAAAAAAAAAAAAAAAAAAAAAAAAAAAAAAAAAAAAAAAAAAAAAAAAAAAAAAAAAAAAAAAAAAAAAAAAAAAAAAAAAAAAAAAAAAAAAAAAAAAAAAAAAAAAAAAAAAAAAAAAAAAAAAAAAAAAAAAAAAAAAAAAAAAAAAAAAAAAAAAAAAAAAAAAAAAAAAAAAAAAAAAAAAAAAAAAAAAAAAAAAAAAAAAAAAAAAAAAAAAAAAAAAAAAAAAAAAAAAAAAAAAAAAAAAAAAAAAAAAAAAAAAAAAAAAAAAAAAAAAAAAAAAAAAAAAAAAAAAAAAAAAAAAAAAAAAAAAAAAAAAAAAAAAAAAAAAAAAAAAAAAAAAAAAAAAAAAAAAAAAAAAAAAAAAAAAAAAAAAAAAAAAAAAAAAAAAAAAAAAAAAAAAAAAAAAAAAAAAAAAAAAAAAAAAAAAAAAAAAAAAAAAAAAAA4BfgvwE6jX/SIY90AAAAAElFTkSuQmCC','iVBORw0KGgoAAAANSUhEUgAABxAAAALBCAYAAAB4NTRBAAAAAXNSR0IArs4c6QAAAARzQklUCAgICHwIZIgAACAASURBVHic7N3Rb533eR/w55U8YxuQhtGAdWjj7qRIZsxOEKZr3MXDNjZFhsS5GIdhF6tTVAV2sRttGnZfM3/AEMW9GbaLCJlTFNiFVWBOlwWNmCIp4nSBGNRtliaFmATLlR3SG7AtjaTvLs5L6fDVS4sizzk/Uvx8AIJ8Dw95vkcmaVpfP8+vCgAAAAAAAAAAAAAAAAAAAAAAAAAAAAAAAAAAAAAAAAAAAAAAAAAAAAAAAAAAAAAAAAAAAAAAAAAAAAAAAAAAAAAAAAAAAAAAAAAAAAAAAAAAAAAAAAAAAAAAAAAAAAAAAAAAAAAAAAAAAAAAAAAAAAAAAAAAAAAAAAAAAAAAAAAAAAAAAAAAAAAAAAAAAAAAAAAAAAAAAAAAAAAAAAAAAAAAAAAAAAAAAAAAAAAAAAAAAAAAAAAAAAAAAAAAAAAAAAAAAAAAAAAAAAAAAAAAAAAAAAAAAAAAAAAAAAAAAAAAAAAAAAAAAAAAAAAAAAAAAAAAAAAAAAAAAAAAAAAAAAAAAAAAAAAAAAAAAAAAAAAAAAAAAAAAAAAAAAAAAAAAAAAAAAAAAAAAAAAAAAAAAAAAAAAAAAAAAAAAAAAAAAAAAAAAAAAAAAAAAAAAAAAAAAAAAAAAAAAAAAAAAAAAAAAAAAAAAAAAAAAAAAAAAAAAAAAAAAAAAAAAAAAAAAAAAAAAAAAAAAAAAAAAAAAAAAAAAAAAAAAAAAAAAAAAAAAAAAAAAAAAAAAAAAAAAAAAAAAAAAAAAAAAAAAAAAAAAAAAAAAAAAAAAAAAAAAAAAAAAAAAAAAAAAAAAAAAAAAAAAAAAAAAAAAAAAAAAAAAAAAAAAAAAAAAAAAAAAAAAAAAAAAAAAAAAAAAAAAAAAAAAAAAAAAAAAAAAAAAAAAAAAAAAAAAAAAAAAAAAAAAAAAAAAAAAAAAAAAAAAAAAAAAAAAAAAAAAAAAAAAAAAAAAAAAAAAAAAAAAAAAAAAAAAAAAAAAAAAAAAAAAAAAAAAAAAAAAAAAAAAAAAAAAAAAAAAAAAAAAAAAAAAAAAAAAAAAAAAAAAAAAAAAAAAAAAAAAAAAAAAAAAAAAAAAAAAAAAAAAAAAAAAAAAAAAAAAAAAAAAAAAAAAAAAAAAAAAAAAAAAAAAAAAAAAAAAAAAAAAAAAAAAAAAAAAAAAAAAAAAAAAAAAAAAAAAAAAAAAAAAAAAAAAAAAAAAAAAAAAAAAAAAAAAAAAAAAAAAAAAAAAAAAAAAAAAAAAAAAAAAAAAAAAAAAAAAAAAAAAAAAAAAAAAAAAAAAAAAAAAAAAAAAAAAAAAAAAAAAAAAAAAAAAAAAAAAAAAAAAAAAAAAAAAAAAAAAAAAAAAAAAAAAAAB4lCSZJJm0zgEAAAAAAAA0luRK7nk5yWrrTAAAAAAAAEAjSXZyvxda5wIAAAAAAAAaSLI1UiAmycutswEAAAAAAABL1p9/ePWAEvEzrfMBAAAAAAAADSRZS7I7UiLeSLLWOh8AAAAAAACwZElWDygRk+RG63wAAAAAAADAkvUrTQ86F3GjdT4AAAAAAABgyZKsJNkYKRB3kkxa5wMAAAAAAAAa6IvE4TTi9da5AAAAAAAAgEaSrI9MIl5snQsAAAAAAABoJMm1kRJxtXUuAAAAAAAAoIEkkyTbgwLxZpKV1tkAAAAAAACABg5YZfpy61wAAAAAAABAI0mujJSI661zAQAAAAAAAA0kWUmyOVxl2joXAAAAAAAA0Eh/HuLQxda5AAAAAAAAgEaSbJhCBAAAAAAAAKrq7irTbWchAgAAAAAAAFVVleTyoEC81joTAAAAAAAA0Eg/hbg7KBEnrXMBAAAAj75zrQMAAAD367put6qGU4eXW2QBAAAAAAAAToAkq7mfKUQAAAAAAAA4q5JcGxSIL7fOBAAAAAAAADRywBTiautcAAAAAAAAQCMjU4jXW2cCAAAAAAAAGjlgCvFi61wAAAAAAABAI0muDgrEm0lWWucCAAAAAAAAGkiykmR3UCJutM4FAAAAAAAANJJkY2SV6WrrXAAAAAAAAEAjSbYHBeKN1pkAAAAAAACARpKsjUwhXmmdCwAAAAAAAGgkyRWrTAEAAAAAAICqqkqyYpUpAAAAAAAAcJdVpgAAAAAAAMA+B6wynbTOBQAAAAAAADTQrzLdGhSI11vnAgAAAAAAABo5YJXp5da5AAAAAAAAgEaSXB0UiDetMgUAAAAAAIAz6oBVpp9JstI6GwAAAAAAANDAAatMP9U6FwAAAAAAANDIyCrTJLnYOhcAAAAAAADQSJLtkRJxtXUuAAAAAAAAoIH+PMShm0kmrbMBAAAAAAAADSRZHykRb7TOBQAAAAAAADSS5PJIifip1rkAAAAAAACARpJcGykR11vnAgAAAAAAABroz0PcHikRV1tnAwAAAAAAABpIspZkd1Ag3kwyaZ0NAAAAAAAAaOCA8xCvt84FAAAAAAAANJLkykiJ+HLrXAAAAAAAAEAD/XmImyMl4qdaZwMAAAAAAAAa6EvErZES8YXW2QAAAAAAAIAGkkySbI+UiP+6dTYAAAAAAACggX4ScVeJCAAAAAAAAFTV3UnEsRLx11tnAwAAAAAAABp4ixLRmYgAAAAAAABwFikRAQAAAAAAgH36MxHHXG6dDQAAAFi+rnUAAACWI8n5/s0nq2pSVc/01/+u67r/3SYVJ0WSSVVtVdXbB+/6ja7rrjaIBAAAAAAAwCIkeS7Ji0leS3Jr5uXH/ZTZd5JcaJ2T9pKsJtkemURcb50NAAAAAACAY0jyC0leSvL6AaspZ91K8mzrzJwMSdZGzkTcUSICAAAAAACcIkm6JE/MTBo+DAUi+yRZH/k62cl0zSkAAAAAAAAnUV8aPtWXht97yNIwSe70r7/T+rlw8iS5OPI1c1OJCAAAAAAAcIIkuZDpmYZ760nvjJQ8b+VW/3FfTbKR5Pkkb2v9vDiZklwZ+Rq6nmSldTYAAAAAAIAzKdMpw71Jw5dytEnD9IXh85muOT2/93lbPz9OviRXR76errbOBQAAAAAAcKb0Rd/zcygNL/WfT1nIkSXZHPn62midCwAAAAAA4JGU/VOGl5K8lulq0oddT5pMy8YXk7y79fPi0ZFkJcnWyNfbxdbZAAAAAAAAHgl9Ybg3ZfjZHO08wz3fT/JbST7e+nnx6EqymmR35OtvvXU2AAAAAACAUynJhSTPJtnI8aYM03/8i5lOLVpPylIkWRspEXeSrLbOBgAAAAAAcOJlOmV4IdMpw1dyvCnDZLqe9KUkz7Z+bpxdSdZHvjZvKhEBAAAAAAAG+sLwfD8VODtleByvZzpp+GxMGnJCJLk88rV6I8mkdTYAAAAAAICm+tLwqSSXknw1x58yvJPppOGLMWnICXZAiXhdiQgAAAAAAJwZfVnYJXki07Wkn55TYXgnyR8m+WSSp5Oca/1c4TAynbQd+kySldbZAAAAAAAA5i73VpLuFYYv9dOBe6XfcbyWmdWksZ6UUyrJlZGv7xda5wIAAAAAADiWmbJw7wzD2ZWkt+ZQGKb/XBtJLigMeZQk2Rz5er/YOhcAAAAAAMChZf860uf6acCv9mXhrTmUhbOl4StJnmr9nGGRkmyPfP2vtc4FAAAAAABwoOw/v/ClzHe6cM+d/vO+lGkxadKQMyHJJMnu4PthJ8mkdTYAAAAAAICqulsYXuiLvE9nfucXDgvDN5J8Psm/SvJ0knOtnzu0kGRtpES8kWSldTYAAAAAAOAMGhSGLyZ5bQGF4V5p+L1MzzN8qn9ck4ZQVUkuj3zPXG+dCwAAAAAAeMTl3hmGyyoM72R6RuLzma5BVRjCAZJcHfk++lTrXAAAAMDh+IsvAOBUmCns3llV76uqZ6rqI1X1ZFVdqPn+XpP+9Y+q6r9W1e9V1R90XfeDOT4GPLIyXVm6WVXvH7zrn3Rdd61BJAAAAOAhKBABgBOpLwzP1bQg/EBVfayq/n5V/Wx/l/Pzfsiq+tOq2qqqV6vq96vqW1VVXdflLT4OGJFkUtPvp7fP3LxbVR/oum67TSoAAAAAAOBU6FeRnu9fPpTkN5N8JcnrSW4tYCXprO8n+XiSc0keS3Ku9Z8HPCqSrI98zzkPEQAAAAAA2G+mMHwi0zMFP5vkj5P8ZMFl4azvJ/lE6z8LeNQl2Rj5/ttonQsAAAAAAGikLwv3Xp5NcinJK0m+15eFyyoM97yW5LnWfy5wliTZHHwf7iRZbZ0LAAAAGOcMRABg7pKcr6o7NT238Jmq+khVfai/7Vwt93eQVNUPqup3q+rfd133p0t8bKCqkqxU1XbtPw9xq6p+ueu63TapAAAAAACAhcj+daTPJXmxn/JrMV2Y/jFfz3TK8VKfy/80BY1l/DxEq0wBAADgBPKXaQDAQ+nLuHNV9WRV/UpVfbSq3ltVP1vLmy68PXj7fFW9WlVfrKqvV9XvVVV1XZclZAEOKcnVqvr1wc0f6Lpuq0UeAAAAYJwCEQA40GBy70NV9Y9quo70l/rbFlUYpqbrTqvuFYT/o6rerKpvVNWPaloU7ta0ODxfVT+pUhrCSZdku6r+5sxNVpkCAADACaNABADuk+TdVfW3av/5hVXz/91hrygcloRfrKo3aloW/qCqfti/f3by8I6yEE6fJGtVda32n4d4peu6f9MoEgAAADCgQAQA9knyL6rqP9a9Um8un7Z/vTdV+GpV3ayq71bVf6vxklBBCI+o/uzDFwY3v6vruu0WeQAAAID9FIgAwD5JXq+qv3bcT1P7y8Jv9K9vVNW3Z+6nJIQzKslWVb1/5qbtruve1SoPAAAAAAAwIsmzSX6ch3cnya0kryV5KcmlJE8lOd+/+J+WgH2SrCbZHfwsudI6FwAAAAAAMCPJhb4MPExh+HqSrybZ6IvHC8pC4GEkuTz42bKTZL11LgAAAAAAYEaS3+//Iv/HfVG4N134epJXBtOFykLgWJJsDkrEG0lWWucCAAAAAAB6Sd7Wl4SvJHkxyXNJnlAYAouQZGKVKQAAAAAAnAJJHlcYAsvQr0IessoUAAAAAAAAzqqRVaY3rTIFAAAAAACAMyrJ6sgq05db5wIAAAAAAAAascoUAAAAAAAA2GdklemOVaYAAAAAAABwRvWrTIesMgUAAAAAAICzyipTAAAAAAAAYJ8kW4MC8aZVpgAAAAAAAHBGJVlLsjsoEa+0zgUAAAAAAAA0kuTKyCrT1da5AAAAAAAAgEaSbA8KxOutMwEAAAAAAACNJFkfmUK83DoXAAAAAAAA0EiSa4MC8WaSlda5AAAAAAAAgAaSTJLsDkrEK61zAQAAAAAAAI0k2RgUiDtJVlvnAgAAAAAAABpJsjUoEa+1zgQAAAAAAAA0kmQt91trnQsAAAAAAABoJMm1QYF4o3UmAAAAAAAAoJEkk5EpxMutcwEAAAAAAACNJNkYFIg3k0xa5wIAAAAAAAAaSLKSZGtQIn6qdS4AAAAAAACgkSTrI6tMTSECAAAAAADAWTUyhXi1dSYAAAAAAACgkSSrgwJxxxQiAAAAAAAAnGFJrg1KxJdbZwIAAAAAAAAaGZlCTJLV1rkAAAAAAACARkwhAgAAAAAAAHeZQgQAAAAAAAD2GZlCvNE6EwAAAAAAANBIP4W4OygR11vnAgAAAAAAABpJcmVQIN5MstI6FwAAAAAAANBAksnIFOLl1rkAAAAAAACARpJsDArEHVOIAAAAAAAAcEYlWRmZQrzaOhcAAAAAAADQSJKLud9q61wAAAAAAABAI0m2BgXi9daZAAAAAAAAgEaSrI1MIa63zgUAAAAAAAA0kuTaoEC80ToTAAAAAAAA0EiSSZLdQYl4uXUuAAAAAAAAoJEkVwYF4k7rTAAAAAAAAEAjSVaSbJtCBAAAAAAAAKqqKsllU4gAAAAAAABAVZlCBAAAAAAAAAZGphBvJllpnQsAAAAAAABooJ9C3BqUiBdb5wIAAAAAAAAaSXLRWYgAAAAAAADAXSNnIb7cOhMAAAAAAADQyMgUYpJcbp0LAAAAAAAAaCTJ1eEq0ySrrXMBAAAAAAAADSRZGVlleqN1LgAAAAAAAKCRJGsjq0yvtM4FAAAAAAAANJJkY6REXGudCwAAAAAAAGigX2W6NVxlmmSldTYAAAAAAACggSSrI1OIl1vnAgAAAAAAABpJcmVQIO6YQgQAAAAAAIAzLMnuoES82joTAAAAAAAA0EiSiyOrTCetcwEAAAAAAACNJNkyhQgAAAAAAABUVVWStZEpxNXWuQAAAAAAAIBGkmwOCsSXW2cCAAAAAAAAGjGFCAAAAAAAAOxjChEAAAAAAAC4K8nqyBTiWutcAAAAAAAAQCNJrg4KxButMwEAAAAAAACNJJmMTCFebJ0LAAAAAAAAaCTJxqBA3EkyaZ0LAAAAAAAAaCDJSpLtQYn4mda5AAAAAAAAgEaSrI+sMl1tnQsAAAAAAABoJMm1QYF4o3UmAAAAAAAAoJEkk5FVpqYQAQAAAAAA4KxKsjEoEK+2zgQAAAAAAAA00k8hztpJstI6FwAAAAAAANBIks1BiXixdSYAAAAAAACgkSQXBwXi9daZAAAAAAAAgIaS7A5KxEnrTAAAADBv51oHAAAAOEWuDa4vN0kBAAAAAAAAtJdkdTCBuJNkpXUuAAAAAAAAoJEkm4MS0RQiAAAAAAAAnFVJLg4KxButMwEAAAAAAAANJdkdlIirrTMBAADAvJxrHQAAAOAUujq4tsYUAAAAAAAAzqokk8EE4k7rTAAAAAAAAEBDSTYHJeJ660wAAAAwD1aYAgAAHM1wjakCEQAAAAAAAM6qJCuDCcSbrTMBAAAAAAAADSXZGpSIq60zAQAAwHFZYQoAAHB0wzWma01SAAAAwBwpEAEAAI5uc3CtQAQAAAAAAICzLMnu7A7T1nkAAADguEwgAgAAHM++KcQkphABAAA41RSIAAAAx7M1uF5tkgIAAADmRIEIAABwPMNzEBWIAAAAAAAAcFYlWcl+N1pnAgAAAAAAABpKsjkoESetMwEAAMBRWWEKAABwfMNzENebpAAAAAAAAADaS7JqjSkAAAAAAABwV5Jta0wBAAB4FFhhCgAAMB/XBtfWmAIAAHAqKRABAADmY1ggrjVJAQAAAAAAAJwMSXYHa0xXWmcCAACAh2UCEQAAYH6sMQUAAODUUyACAADMjzWmAAAAAAAAwFSSlcEK053WmQAAAAAAAICGkmwOSsTV1pkAAADgYVhhCgAAMF+bg2trTAEAADhVFIgAAADzNSwQ15ukAAAAAAAAAE4G5yACAAAAAAAAdzkHEQAAgNPMClMAAID5G64xVSACAABwaigQAQAA5m9rcK1ABAAAAAAAgLMqyWSwwvRG60wAAAAAAABAQ0m2ByXiSutMAAAAcBhWmAIAACyGcxABAAA4lRSIAAAAi+EcRAAAAE4lBSIAAMBiDAvEtSYpAAAAAAAAgJNhcAbiTus8AAAAAAAAQENJNgcl4qR1JgAAAHgQK0wBAAAWxzmIAAAAnDoKRAAAgMW5NrhWIAIAAHDiKRABAAAWxwQiAAAAAAAAcE+S3ZkzEHda5wEAAIAHMYEIAACwWLNTiCtJTCECAABwoikQAQAAFmtzcL3WJAUAAAAckgIRAABgsYYF4qRJCgAAADgkBSIAAMBibQ2urTAFAAAAAACAsyz77bTOAwAAAAAAADSUZHNQIlpjCgAAwIllhSkAAMDibQ+uFYgAAACcWApEAACAxRsWiM5BBAAA4MRSIAIAACze7uB6pUkKAAAAOAQFIgAAwOJttQ4AAAAAh6VABAAAWD4TiAAAAJxYCkQAAIDFG64wnTRJAQAAAIegQAQAAFg8ZyACAABwaigQAQAAAAAAgLsUiAAAAAvWdd126wwAAABwWApEAACA5bPCFAAAgBNLgQgAALAcs+cgplkKAAAAeAAFIgAAwHK8OfN21ywFAAAAAAAA0F6S7cxonQcAAAAOYgIRAABgOXZm3t5ulgIAAAAeQIEIAACwHO+YedsKUwAAAAAAADjLkuxaYQoAAMBpYAIRAABgOWZLw91mKQAAAOABFIgAAADLt9I6AAAAABxEgQgAAAAAAADc1bUOAAAAcBYMzz3sus5/jwEAAHAimUAEAAAAAAAA7lIgAgAAAAAAAHc91joAAHB8SZ6qqrf3l1/vX9/pui4HfAgAAAAAAADwKEryHzL1f5L8OMlPkvxxkk8neT7JE0nOJ3HWFkBDGWidBwAAAA7iLxIB4BRL8gtV9Y23uktV3amq3ar6Wk2nE79YphQBlm5YGnZd57/HAAAAAACYrySX+snDw7rTv+xNKX62/xxPJelMKQIsRpKJCUQAAAAAABYuybN9IXgce6Xi60n+S5Lf7AtFa08B5iTJ6uBn707rTAAAAAAAPIKSXEjy3WMWiAeVij9J8pW+UPxQ/1gKRYAjSLI2+Dm71ToTAAAAHMRfAgLAKZfkp6rq31bVB6vqvVX1M1V1rub77/m9sxS/VVX/uar+qKperaodZygCPFiStaq6PnPTl7uuW2uVBwAAAN7KY60DAADH03Xd/6qqF5Kcr2lp+DNV9b6q+mhVfbiqnuzvepxSsauq8zUtKN9b00KxqupPknypqr5QVV+rqjer6o5SEeA+q4Pr3SYpAAAA4BAUiADwiOi67nb/5vf7l1eS7P27/pmq+sWalorzmFLc+7i9QvFSTScU/2dVfTnJF6rqD6rqh/3tpVQEzriVwbUVpgAAAAAAtJfkXJLHkvxcko8n+a0k3+/PPLwz5zMUbyV5feYcxY/tnaPoLEXgrElybfBz8nLrTAAAAAAAMKovFX8uySeSfG6mUJy3vZLyK0k+neT51s8dYFmSbA5+Jjr/EAAAAACAk68vE88leTrJJ5P84QLLxCT5sySXkjzR+rkDLFKSncHPwUnrTAAAAAAA8NAyXTd6IcnzSV7JdCXporzSP86FJOdbP3eAeUmyMvyB1zoTAAAAvBXnDwEAh5LkXP/mx6rqV/uXhTxUVf2gqr5cVb9TVV/ruu5HC3qsI8v+cxzfUVVPVtW7qurmyN2/3r++U1Xnuq67veB4laTrui6ZTne+t6o+2L/ru1W107/9Z13X/fmis8BZ108bzv5s+GbXdaut8gAAAMCDKBABgCNL8vGaFokfraoLi3iImv6+8p+q6ne6rvv83nTiMkq4qrtF4V55+vaaFoVVVT9fVc9U1Yer6m/3t/1FVZ2vqtls5/uP/2FVXauqN2pa4u2VCW/213tTl7dnPu4wZu9/u6re3ef8xZqWhr/W33578DGPV9VuVf2zruuuH/KxgCPI9LzD2e+z3+26br1VHgAAAHgQBSIAMBdJnqtpkfirNS0TF/F7xp9U1Zeq6kc1nerbrapX617ZNizhanD73vtmS77h+/b8dFW9r6bP511V9Ut1fzF4lFWrt2de72WZvf18VX2npsXirN2Zt1cG73uyqv5q7f9zOFeH+2fwua7rPnGI+wFHlGSjql6YuemTXddttMoDAAAAD/JY6wAAwKOh67rPV9Xnk1yu6UTev6zpdN5Tc3yYp/vPd2fmtls1LcxerXuF2U/1Lz9dVf+99hdpOzUt4+7UdIpw9n2zH/dY3V/CzeNsxmHZOebpOTzOYb0ryeNd1/3FEh8Tzpph6b87ei8AAAA4IRSIAMBcdV13p6aTgpeqqpI8W1X/vOZXJna1v3zbe/vvHXD/g27nnnkUo8DBJoNrBSIAAAAn2rkH3wUA4Oi6rvvDrusudV33dFX9SlV9vnWmBUj/8kZV/d/By+3+fS1zpaal7pjdqvp/S0sEZ5MCEQAAgFPFBCIAsDRd132pqr6U5N1V9WtV9RtV9c6arhM97Jl9LaWmWffyvlnT1al/VFVfqOm5jI8PPuavVNXfren5kH+nv+2dVfU3arp+de/3sVsjjzf8Xe0v9a9/MnPbrcF9b9W0uPx2VX2jpucpfq7rujeSfKmqfnnwOX+767pWBSecFW8fXCsQAQAAONFO+l/SAQCPsCTnalqm/YOqek9VfaSmf9H+npoWdC1Lxdt1b1vDt6pqq6q+W9OisGpa0L1ZVXf6ta1vqX+uw0LwsZoWjE++xYf+fP/6PYPb36iqP6/pmY7VZ/lO/zlv1bTkTNd1t2cy/NOq+kxV/eX+fptd1334QdmB40kyLOk/0HXdVpMwAAAAcAgKRADgROgLtr2Xqqq31XRy75maFot7U3t79u43PL9vrzAbK/WGU36zU3uP13SCsKrqZk3Lwu9U1W/3j7W3CrQOUxjOU5K9qcbZvLdny8GH+Fzvrqq/XjVdLzufhMBBkqxW1Y3Bze/ous4UIgAAACeWAhEAONEOKBafrKp31LRcrKr6YE0n8b7bX3+h7k3kVU2Lx3ce8BDfrunKz9ly8XZV1VEKOoBZSdaq6vrsbV3X+e8wAAAAAACYtyTnkpxP8vjgZTiRCNBMksvZb7t1JgAAAHiQ4Tk8AACnwswaUVOCwEk2GVwrEAEAADjxzj34LgAAAByRAhEAAIBTR4EIAACwOO8fXCsQAQAAOPEUiAAAAAuQZKVMIAIAAHAKKRABAAAWY3Xktq2lpwAAAICHpEAEAABYjPsKxK7rFIgAAACceApEAACAxVgbXH+5SQoAAAB4SApEAACAxfiHg+vNJikAAADgISkQAQAA5izJalWtDG5WIAIAAHAqKBABAADmb7i+tKrK+YcAAACcCgpEAACA+VsdXH+z67rdJkkAAADgISkQAQAA5s/5hwAAAJxaCkQAAIA5SjKpqsngZgUiAAAAp4YCEQAAYL6G60urnH8IAADAKaJABAAAmK+1wfU3u67bbpIEAAAAjkCBCAAAMF//eHBtfSkAAACnigIRAABgTpKs1P3nH5o+BAAA4FRRIAIAAMzPcH1plfMPAQAAAAAA4GxKciUDrTMBAAAAAAAAjSS5OegPTR8CxhsA0gAAC4NJREFUAABw6lhhCgAAMAdJJnX/+YcKRAAAAE4dBSIAAMB8jJ1/uL30FAAAAHBMCkQAAID5GCsQN5eeAgAAAAAAAGgvyc7g/MO0zgQAAABHYQIRAADgmJKsV9XK4OYvt8gCAAAAx6VABAAAOL71kdt2l54CAAAAAAAAaG9sfWmSi61zAQAAAAAAAEuWZH2kPEySSetsAAAAcBRWmAIAABzP2PrS73Vdt730JAAAAAAAAEBbB6wvvdo6FwAAAByVCUQAAIAjSrJeVSsj77q27CwAAAAAAABAY0mujkwf7rbOBQAAAAAAACxZkslIeZgkG62zAQAAAAAAAEuW5PIBBeKkdTYAAAAAAABgyZLcHCkPt1rnAgAAAAAAAJYsyeoB04cXW2cDAAAAAAAAlizJlZHycDfJSutsAAAAAAAAwJIdMH14tXUuAAAAAAAAYMmSXDygQFxrnQ0AAAAAAABYsiTXR8rD7da5AAAAAAAAgCVLsnrA9OHF1tkAAAAAAACAJUty9YACcaV1NgAAAAAAAGDJktwcKQ+vtc4FAAAA83SudQAAAIDToF9TOhl51+ayswAAAAAAAACNJblufSkA8P/bu6PixLIwCqNIQAISkIAEJOBg2kHjoNvBxEHGQeKg20HiIHHwzcPkaaoDF4p7TxVZS8E+z7v2fwAAAAAAVtXmk/Lw9+hsAAAAAAAAwMKqh08KxMPobAAAAAAAAMCCTqwPq/70JyIAAAAAAABwr06sD59HZwMAAAAAAAAWdGZ9uB+dDwAAAAAAAFhQ9fhJefg6OhsAAAAAAACwoGp3Yn14GJ0PAAAAAAAAWFD1Yn0IAAAAAAAArKqjvw8BAAAAAACAVbWp3j4pD59H5wMAAAAAAAAWVD2eWB9uRucDAAAAAAAAFlLtT5SHx9H5AAAAAAAAgIVU6xOnS1+r9eiMAAAAAAAAwELOnC7dj84HAAAAAAAALOTM6dLn0fkAAAAAAACAhZw5XVq1HZ0RAAAAAAAAWEj1cKI8fBidDwAAAAAAAFhItTtRHlZtRmcEAAAAAAAAFjDhdKn1IQAAAAAAAHwV1ZP1IQAAAAAAALCqfp4pD4+jMwIAAAAAAAALqA5nysP3aj06JwAAAAAAADCzan+mPKzaj84JAAAAAAAAzKzaVW9nysN/RucEAAAAAAAAZlZtJ5SHTpcCAAAAAADAvas2E8rDqu3orAAAAAAAAMCMqnX1a0J56N9DAAAAAAAAuHfV3xPKw8PonAAAAAAAAMDMqsOE8vA4OicAAAAAAAAws2rb+X8Pf47OCQAAAAAAAMys2kwoD3+PzgkAAAAAAADMrFpXvyacLt2NzgoAAAAAAADM6GN5+DKhPHwenRUAAAAAAACYUdP+PLQ+BAAAAAAAgHtX7S8oDx9G5wUAAAAAAABmUv01sTiseq/WozMDAAAAAAAAM6i+X1AeVu1HZwYAAAAAAABurFpXjxeWh06XAgAAAAAAwL2pdtWL8hAAAAAAAAC+sI/V4Y8Li0PlIQAAAAAAANybalv9uqI8PI7ODgAAAAAAANxQ9f2K4rDq2+jsAAAAAAAAwI1UmytXh+/VfnR+AAAAAAAA4EaqQ/V2ZXm4HZ0fAAAAAAAAuIFqXT1eURxWHav16DcAAAAAAAAAN1Btu+5k6UO1GZ0fAAAAAAAAuJHq+xXF4XPOlQIAAAAAAMD96LqTpa/VfnR2AAAAAAAA4IaqXfV2QXH4Xn0bnRsAAAAAAAC4sS4/WfpQrUfnBgAAAAAAAG6o2lRPFxSH/jkEAAAAAACAe1Ttm36y9L06jM4MAAAAAAAA3Fi1rh6dKwUAAAAAAIAvrtpdsDp8rXajMwMAAAAAAAA39rE6/HHB6vCn1SEAAAAAAADcoY/V4YvVIQAAAAAAAHxhVocAAAAAAADAarWyOgQAAAAAAABWVocAAAAAAADAh2pfvVkdAgAAAAAAwBdWbapHq0MAAAAAAABgVT1NLA5/Wx0CAAAAAADAHeu/Pw+nOI7OCgAAAAAAAMzs43zpudXhdnROAAAAAAAAYCHV6x+Kw/fq2+hsAAAAAAAAwMKq3f9KxOdqMzoXAAAAAAAAMFC1Hp0BAAAAAAAAAAAAAAAAAAAAAAAAAAAAAAAAAAAAAAAAAAAAAAAAAAAAAAAAAAAAAAAAAAAAAAAAAAAAAAAAAAAAAAAAAAAAAAAAAAAAAAAAAAAAAAAAAAAAAAAAAAAAAAAAAAAAAAAAAAAAAAAAAAAAAAAAAAAAAAAAAAAAAAAAAAAAAAAAAAAAAAAAAAAAAAAAAAAAAAAAAAAAAAAAAAAAAAAAAAAAAAAAAAAAAAAAAAAAAAAAAAAAAAAAAAAAAAAAAAAAAAAAAAAAAAAAAAAAAAAAAAAAAAAAAAAAAAAAAAAAAAAAAAAAAAAAAAAAAAAAAAAAAAAAAAAAAAAAAAAAAAAAAAAAAAAAAAAAAAAAAAAAAAAAAAAAAAAAAAAAAAAAAAAAAAAAAAAAAAAAAAAAAAAAAAAAAAAAAAAAAAAAAAAAAAAAAAAAAAAAAAAAAAAAAAAAAAAAAAAAAAAAAAAAAAAAAAAAAAAAAAAAAAAAAAAAAAAAAAAAAAAAAAAAAAAAAAAAAAAAAAAAAAAAAAAAAAAAAAAAAAAAAAAAAAAAAAAAAAAAAAAAAAAAAAAAAAAAAAAAAAAAAAAAAAAAAAAAAAAAAAAAAAAAAAAAAAAAAAAAAAAAAAAAAAAAAAAAAAAAAAAAAAAAAAAAAAAAAAAAAAAAAAAAAAAAAAAAAAAAAAAAAAAAAAAAAAAAAAAAAAAAAAAAAAAAAAAAAAAAAAAAAAAAAAAAAAAAAAAAAAAAAAAAAAAAAAAAAAAAAAAAAAAAAAAAAAAAAAAAAAAAAAAAAAAAAAAAAAAAAAAAAAAAAAAAAAAAAAAAAAAAAAAAAAAAAAAAAAAAAAAAAAAAAAAAAAAAAAAAAAAAAAAAAAAAAAAAAAAAAAAAAAAAAAAAAAAAAAAAAAAAAAAAAAAAAAAAAAAAAAAAAAAAAAAAAAAAAAAAAAAAAAAAAAAAAAAAAAAAAAAAAAAAAAAAAAAAAAAAAAAAAAAAAAAAAAAAAAAAAAAAAAAAAAAAAAAAAAAAAAAAAAAAAAAAAAAAAAAAAAAAAAAAAAAAAAAAAAAAAAAAAAAAAAAAAAAAAAAAAAAAAAAAAAAAAAAAAAAAAAAAAAAAAAAAAAAAAAAAAAAAAAAAAAAAAAAAAAAAAAAAAAAAAAAAAAAAAAAAAAAAAAAAAAAAAAAAAAAAAAAAAAAAAAAAAAAAAAAAAAAAAAAAAAAAAAAAAAAAAAAAAAAAAAAAAAAAAAAAAAAAAAAAAAAAAAAAAAAAAAAAAAAAAAAAAAAAAAAAAAAAAAAAAAAAAAAAAAAAAAAAAAAAAAAAAAAAAAAAAAAAAAAAAAAAAAAAAAAAAAAAAAAAAAAAAAAAAAAAAAAAAAAAAAAAAAAAAAAAAAAAAAAAAAAAAAAAAAAAAAAAAAAAAAAAAAAAAAAAAAAAAAAAAAAAAAAAAAAAAAAAAAAAAAAAAAAAAAAAAAAAAAAAAAAAAAAAAAAAAAAAAAAAAAAAAAAAAAAAAAAAAAAAAAAAAAAAAAAAAAAAAAAAAAAAAAAAAAAAAAAAAAAAAAAAAAAAAAAAAAAAAAAAAAAAAAAAAAAAAAAAAAAAAAAAAAAAAAAAAAAAAAAAAAAAAAAAAAAAAAAAAAAAAAAAAAAAAAAAAAAAAAAAAAAAAAAAAAAAAAAAAAAAAAAAAAAAAAAAAAAAAAAAAAAAAAAAAAAAAAAAAAAAAAAAAAAAAAAAAAAAAAAAAAAAAAAAAAAAAAAAAAAAAAAAAAAAAAAAAAAAAAAAAAAAAAAAAAAAAAAAAAAAAAAAAAAAAAAAAAAAAAAAAAAAAAAAAAAAAAAAAAAAAAAAAAAALvEvQ+H6mJ8EUV8AAAAASUVORK5CYII=','Marcas de herramienta','Nose','No veo','Bóveda','Nose','No lo sé','nose');
/*!40000 ALTER TABLE `entrega` ENABLE KEYS */;
UNLOCK TABLES;

--
-- Table structure for table `indicio`
--

DROP TABLE IF EXISTS `indicio`;
/*!40101 SET @saved_cs_client     = @@character_set_client */;
/*!50503 SET character_set_client = utf8mb4 */;
CREATE TABLE `indicio` (
  `id_indicio` int NOT NULL AUTO_INCREMENT,
  `identificacion` varchar(30) DEFAULT NULL,
  `descripcion` text,
  `fecha` varchar(30) DEFAULT NULL,
  `hora` varchar(30) DEFAULT NULL,
  `documentacion` varchar(30) DEFAULT NULL,
  `recoleccion` varchar(30) DEFAULT NULL,
  `embalaje` varchar(30) DEFAULT NULL,
  `latitud` varchar(30) DEFAULT NULL,
  `longitud` varchar(30) DEFAULT NULL,
  `lugar` varchar(150) DEFAULT NULL,
  `foto1` text,
  `naturaleza` varchar(30) DEFAULT NULL,
  `nombreUsuario` varchar(45) DEFAULT NULL,
  `usuario` varchar(45) DEFAULT NULL,
  `foto2` text,
  `smart_tag` varchar(30) DEFAULT NULL,
  `nuc` varchar(50) DEFAULT NULL,
  `escrito` varchar(45) DEFAULT NULL,
  `fotografico` varchar(45) DEFAULT NULL,
  `croquis` varchar(45) DEFAULT NULL,
  `otro` varchar(45) DEFAULT NULL,
  `especifique` varchar(45) DEFAULT NULL,
  `entregado` varchar(45) DEFAULT NULL,
  `estado` int DEFAULT '0',
  PRIMARY KEY (`id_indicio`),
  KEY `fk_indicionuc_carpetanuc_idx` (`nuc`),
  CONSTRAINT `fk_indicionuc_carpetanuc` FOREIGN KEY (`nuc`) REFERENCES `carpeta` (`nuc`)
) ENGINE=InnoDB AUTO_INCREMENT=10 DEFAULT CHARSET=utf8mb4 COLLATE=utf8mb4_0900_ai_ci;
/*!40101 SET character_set_client = @saved_cs_client */;

--
-- Dumping data for table `indicio`
--

LOCK TABLES `indicio` WRITE;
/*!40000 ALTER TABLE `indicio` DISABLE KEYS */;
INSERT INTO `indicio` VALUES (9,'1','indicio','2024-04-03','22:07:27','','Manual','Bolsa','req.body.latitud','req.body.longitud','casa','images/fermjvnejvrk/foto1_indicio_1.jpg','Balísticos','Lina Amador','lina_amador','images/fermjvnejvrk/foto2_indicio_1.jpg','cndsjkcjskdncj','fermjvnejvrk','Si','No','No','No','','false',0);
/*!40000 ALTER TABLE `indicio` ENABLE KEYS */;
UNLOCK TABLES;

--
-- Table structure for table `modulo_permisos_role`
--

DROP TABLE IF EXISTS `modulo_permisos_role`;
/*!40101 SET @saved_cs_client     = @@character_set_client */;
/*!50503 SET character_set_client = utf8mb4 */;
CREATE TABLE `modulo_permisos_role` (
  `id_modulo_permisos_role` int NOT NULL AUTO_INCREMENT,
  `id_role` int DEFAULT NULL,
  `id_modulo` int DEFAULT NULL,
  `id_permiso_nivel_1` int DEFAULT NULL,
  `id_permiso_nivel_2` int DEFAULT NULL,
  PRIMARY KEY (`id_modulo_permisos_role`),
  KEY `fk_role_modulos_modulos` (`id_modulo`),
  KEY `fk_role_modulos_roles` (`id_role`),
  KEY `fk_role_permiso_nivel_1` (`id_permiso_nivel_1`),
  KEY `fk_role_permiso_nivel_2` (`id_permiso_nivel_2`),
  CONSTRAINT `fk_role_modulos_modulos` FOREIGN KEY (`id_modulo`) REFERENCES `modulos` (`id_modulo`),
  CONSTRAINT `fk_role_modulos_roles` FOREIGN KEY (`id_role`) REFERENCES `roles` (`id_role`),
  CONSTRAINT `fk_role_permiso_nivel_1` FOREIGN KEY (`id_permiso_nivel_1`) REFERENCES `permisos_nivel_1` (`id_permiso_nivel_1`),
  CONSTRAINT `fk_role_permiso_nivel_2` FOREIGN KEY (`id_permiso_nivel_2`) REFERENCES `permisos_nivel_2` (`id_permiso_nivel_2`)
) ENGINE=InnoDB AUTO_INCREMENT=111 DEFAULT CHARSET=utf8mb3;
/*!40101 SET character_set_client = @saved_cs_client */;

--
-- Dumping data for table `modulo_permisos_role`
--

LOCK TABLES `modulo_permisos_role` WRITE;
/*!40000 ALTER TABLE `modulo_permisos_role` DISABLE KEYS */;
INSERT INTO `modulo_permisos_role` VALUES (1,1,2,4,NULL),(2,1,1,NULL,NULL),(3,1,3,NULL,NULL),(4,1,4,NULL,NULL),(6,1,2,4,NULL),(7,1,1,1,NULL),(8,1,1,2,NULL),(9,1,1,3,NULL),(10,1,3,6,NULL),(11,1,3,7,NULL),(12,1,4,8,NULL),(13,1,4,9,NULL),(14,1,3,5,NULL),(15,1,4,10,NULL),(17,1,4,11,NULL),(18,1,4,16,NULL),(22,1,2,4,NULL),(23,1,4,8,NULL),(24,1,4,9,NULL),(25,1,4,10,NULL),(26,1,3,5,NULL),(27,1,4,11,NULL),(28,1,4,16,NULL),(33,1,3,6,NULL),(34,1,3,7,NULL),(35,1,3,18,NULL),(36,1,1,1,NULL),(37,1,1,2,NULL),(38,1,1,3,NULL),(39,1,1,17,NULL),(41,1,2,4,NULL),(42,1,1,1,NULL),(43,1,1,2,NULL),(44,1,1,3,NULL),(45,1,1,17,NULL),(46,1,3,5,NULL),(47,1,3,6,NULL),(48,1,3,7,NULL),(49,1,3,18,NULL),(50,1,4,8,NULL),(51,1,4,9,NULL),(52,1,4,10,NULL),(53,1,4,11,NULL),(54,1,4,16,NULL),(55,1,4,21,NULL),(56,1,4,19,NULL),(57,1,4,20,NULL),(58,1,2,4,NULL),(59,1,1,1,NULL),(60,1,1,2,NULL),(61,1,1,3,NULL),(62,1,1,17,NULL),(63,1,3,5,NULL),(64,1,3,6,NULL),(65,1,3,7,NULL),(66,1,3,18,NULL),(67,1,4,8,NULL),(68,1,4,9,NULL),(69,1,4,10,NULL),(70,1,4,16,NULL),(71,1,4,22,NULL),(72,1,4,21,NULL),(73,1,4,20,NULL),(74,1,4,19,NULL),(75,1,4,11,NULL),(102,2,8,NULL,NULL),(103,2,8,23,NULL),(104,2,8,24,NULL),(105,2,8,25,NULL),(106,2,8,26,NULL),(107,2,8,27,NULL),(108,1,5,NULL,NULL),(109,1,8,NULL,NULL),(110,1,9,NULL,NULL);
/*!40000 ALTER TABLE `modulo_permisos_role` ENABLE KEYS */;
UNLOCK TABLES;

--
-- Table structure for table `modulos`
--

DROP TABLE IF EXISTS `modulos`;
/*!40101 SET @saved_cs_client     = @@character_set_client */;
/*!50503 SET character_set_client = utf8mb4 */;
CREATE TABLE `modulos` (
  `id_modulo` int NOT NULL AUTO_INCREMENT,
  `nombre_modulo` varchar(40) DEFAULT NULL,
  `ruta` varchar(40) DEFAULT NULL,
  `permiso` varchar(40) DEFAULT NULL,
  PRIMARY KEY (`id_modulo`)
) ENGINE=InnoDB AUTO_INCREMENT=10 DEFAULT CHARSET=utf8mb3;
/*!40101 SET character_set_client = @saved_cs_client */;

--
-- Dumping data for table `modulos`
--

LOCK TABLES `modulos` WRITE;
/*!40000 ALTER TABLE `modulos` DISABLE KEYS */;
INSERT INTO `modulos` VALUES (1,'Usuarios','/usuarios','USUARIOS'),(2,'Roles','/roles','ROLES'),(3,'UsuariosA','/usuariosA','USUARIOSA'),(4,'Carpetas','/carpetas','CARPETAS'),(5,'Indicios','/indicios','INDICIOS'),(8,'Peritos','/peritos','PERITOS'),(9,'Reportes','/reportes','REPORTES');
/*!40000 ALTER TABLE `modulos` ENABLE KEYS */;
UNLOCK TABLES;

--
-- Table structure for table `permisos_nivel_1`
--

DROP TABLE IF EXISTS `permisos_nivel_1`;
/*!40101 SET @saved_cs_client     = @@character_set_client */;
/*!50503 SET character_set_client = utf8mb4 */;
CREATE TABLE `permisos_nivel_1` (
  `id_permiso_nivel_1` int NOT NULL AUTO_INCREMENT,
  `nombre_permiso` varchar(50) DEFAULT NULL,
  `descripcion` varchar(50) DEFAULT NULL,
  `id_modulo` int DEFAULT NULL,
  PRIMARY KEY (`id_permiso_nivel_1`),
  KEY `fk_permiso_modulos` (`id_modulo`),
  CONSTRAINT `fk_permiso_modulos` FOREIGN KEY (`id_modulo`) REFERENCES `modulos` (`id_modulo`)
) ENGINE=InnoDB AUTO_INCREMENT=28 DEFAULT CHARSET=utf8mb3;
/*!40101 SET character_set_client = @saved_cs_client */;

--
-- Dumping data for table `permisos_nivel_1`
--

LOCK TABLES `permisos_nivel_1` WRITE;
/*!40000 ALTER TABLE `permisos_nivel_1` DISABLE KEYS */;
INSERT INTO `permisos_nivel_1` VALUES (1,'canAddUsers','Agregar usuarios',1),(2,'canEditUsers','Editar usuarios',1),(3,'canDeleteUsers','Eliminar usuarios',1),(4,'canAddRoles','Agregar roles',2),(5,'canAddUsersA','Agregar usuarios',3),(6,'canEditUsersA','Editar usuarios',3),(7,'canDeleteUsersA','Eliminar usuarios',3),(8,'canAddFolder','Agregar carpeta',4),(9,'canEditFolder','Editar carpeta',4),(10,'canDeleteFolder','Eliminar carpeta',4),(11,'canViewFolder','Ver detalle carpeta',4),(12,'canAddIndicio','Agregar indicio',5),(13,'canEditIndicio','Editar indicio',5),(14,'canDeleteIndicio','Eliminar indicio',5),(15,'canViewIndicio','Ver detalle indicio',5),(16,'canExportPDF','Exportar a PDF',4),(17,'canViewUsers','Ver detalle usuario',1),(18,'canViewUsersA','Ver detalle usuario',3),(19,'canViewIndicio','Ver indicio',4),(20,'canEditIndicio','Editar indicio',4),(21,'canDeleteIndicio','Eliminar indicio',4),(22,'canViewPDFIndicio','Ver PDF Indicio',4),(23,'canEditIndicioP','Editar indicio',8),(24,'canViewIndicioP','Ver detalle indicio',8),(25,'canViewFolderDetials','Detalle carpeta indicio',8),(26,'canEditFolderDetials','Editar carpeta indicio',8),(27,'canDeleteFolderDetials','Eliminar carpeta indicio',8);
/*!40000 ALTER TABLE `permisos_nivel_1` ENABLE KEYS */;
UNLOCK TABLES;

--
-- Table structure for table `permisos_nivel_2`
--

DROP TABLE IF EXISTS `permisos_nivel_2`;
/*!40101 SET @saved_cs_client     = @@character_set_client */;
/*!50503 SET character_set_client = utf8mb4 */;
CREATE TABLE `permisos_nivel_2` (
  `id_permiso_nivel_2` int NOT NULL AUTO_INCREMENT,
  `nombre_permiso` varchar(50) DEFAULT NULL,
  `descripcion` varchar(50) DEFAULT NULL,
  `id_permiso_nivel_1` int DEFAULT NULL,
  PRIMARY KEY (`id_permiso_nivel_2`),
  KEY `fk_permisos1_permisos2` (`id_permiso_nivel_1`),
  CONSTRAINT `fk_permisos1_permisos2` FOREIGN KEY (`id_permiso_nivel_1`) REFERENCES `permisos_nivel_1` (`id_permiso_nivel_1`)
) ENGINE=InnoDB DEFAULT CHARSET=utf8mb3;
/*!40101 SET character_set_client = @saved_cs_client */;

--
-- Dumping data for table `permisos_nivel_2`
--

LOCK TABLES `permisos_nivel_2` WRITE;
/*!40000 ALTER TABLE `permisos_nivel_2` DISABLE KEYS */;
/*!40000 ALTER TABLE `permisos_nivel_2` ENABLE KEYS */;
UNLOCK TABLES;

--
-- Table structure for table `roles`
--

DROP TABLE IF EXISTS `roles`;
/*!40101 SET @saved_cs_client     = @@character_set_client */;
/*!50503 SET character_set_client = utf8mb4 */;
CREATE TABLE `roles` (
  `id_role` int NOT NULL AUTO_INCREMENT,
  `nombre_role` varchar(30) DEFAULT NULL,
  PRIMARY KEY (`id_role`)
) ENGINE=InnoDB AUTO_INCREMENT=3 DEFAULT CHARSET=utf8mb3;
/*!40101 SET character_set_client = @saved_cs_client */;

--
-- Dumping data for table `roles`
--

LOCK TABLES `roles` WRITE;
/*!40000 ALTER TABLE `roles` DISABLE KEYS */;
INSERT INTO `roles` VALUES (1,'Admin'),(2,'PERITO');
/*!40000 ALTER TABLE `roles` ENABLE KEYS */;
UNLOCK TABLES;

--
-- Table structure for table `servidorpublico`
--

DROP TABLE IF EXISTS `servidorpublico`;
/*!40101 SET @saved_cs_client     = @@character_set_client */;
/*!50503 SET character_set_client = utf8mb4 */;
CREATE TABLE `servidorpublico` (
  `id_entrega` int NOT NULL AUTO_INCREMENT,
  `nuc` varchar(50) DEFAULT NULL,
  `folio` varchar(50) DEFAULT NULL,
  `idCarpeta` varchar(50) DEFAULT NULL,
  `fecha` varchar(50) DEFAULT NULL,
  `hora` varchar(50) DEFAULT NULL,
  `nombre` varchar(100) DEFAULT NULL,
  `institucion` varchar(50) DEFAULT NULL,
  `cargo` varchar(50) DEFAULT NULL,
  `etapa` varchar(50) DEFAULT NULL,
  `firma` text,
  `via` varchar(50) DEFAULT NULL,
  `condicionespecial` varchar(50) DEFAULT NULL,
  `recomendacion` varchar(50) DEFAULT NULL,
  `identificadores` varchar(45) DEFAULT NULL,
  PRIMARY KEY (`id_entrega`)
) ENGINE=InnoDB AUTO_INCREMENT=5 DEFAULT CHARSET=utf8mb4 COLLATE=utf8mb4_0900_ai_ci;
/*!40101 SET character_set_client = @saved_cs_client */;

--
-- Dumping data for table `servidorpublico`
--

LOCK TABLES `servidorpublico` WRITE;
/*!40000 ALTER TABLE `servidorpublico` DISABLE KEYS */;
/*!40000 ALTER TABLE `servidorpublico` ENABLE KEYS */;
UNLOCK TABLES;

--
-- Table structure for table `usuarios`
--

DROP TABLE IF EXISTS `usuarios`;
/*!40101 SET @saved_cs_client     = @@character_set_client */;
/*!50503 SET character_set_client = utf8mb4 */;
CREATE TABLE `usuarios` (
  `id_usuario` int NOT NULL AUTO_INCREMENT,
  `nombre_usuario` varchar(50) DEFAULT NULL,
  `nombre_empleado` varchar(50) DEFAULT NULL,
  `contrasena` text,
  `id_role` int DEFAULT NULL,
  `fecha_creacion` datetime DEFAULT (now()),
  `fecha_ultima_modificacion` datetime DEFAULT NULL,
  `status` varchar(1) DEFAULT 'A',
  `cargo` varchar(45) DEFAULT NULL,
  PRIMARY KEY (`id_usuario`)
) ENGINE=InnoDB AUTO_INCREMENT=4 DEFAULT CHARSET=utf8mb3;
/*!40101 SET character_set_client = @saved_cs_client */;

--
-- Dumping data for table `usuarios`
--

LOCK TABLES `usuarios` WRITE;
/*!40000 ALTER TABLE `usuarios` DISABLE KEYS */;
INSERT INTO `usuarios` VALUES (1,'admin','Administrador','$2b$10$EZDriQmd5X0Iq2p4vRTnWOVF4wMt52ZQ3aydo6EB69RGCg.SiGaAq',1,'2021-02-26 14:56:42',NULL,'A','Administrador'),(2,'master','Master','$2b$10$xPNZFiwC4WjjcYoSAAzsZurWtaXQqhCQMCr6UxJyIKB1HoU0hkXHu',1,'2021-11-21 23:32:55','2021-11-22 00:04:06','A','Master'),(3,'marco_molina','Marco Molina','$2b$10$hG3/Cs16ixOr2lt6CZJjOO6zzqIiXHPXxEjngd/TRXO5CM.Dor6Ym',2,'2021-12-13 14:42:55','2021-12-13 14:42:55','A','PERITO CRIMINALISTA');
/*!40000 ALTER TABLE `usuarios` ENABLE KEYS */;
UNLOCK TABLES;

--
-- Table structure for table `usuarios_app`
--

DROP TABLE IF EXISTS `usuarios_app`;
/*!40101 SET @saved_cs_client     = @@character_set_client */;
/*!50503 SET character_set_client = utf8mb4 */;
CREATE TABLE `usuarios_app` (
  `id_usuario_app` int NOT NULL AUTO_INCREMENT,
  `nombre` varchar(100) DEFAULT NULL,
  `usuario` varchar(100) DEFAULT NULL,
  `password` varchar(16) DEFAULT NULL,
  `isLogged` tinyint DEFAULT '0',
  `image` varchar(300) DEFAULT NULL,
  `institucion` varchar(100) DEFAULT NULL,
  `cargo` varchar(100) DEFAULT NULL,
  `token` varchar(300) DEFAULT NULL,
  `status` tinyint DEFAULT '1',
  `createAt` varchar(45) DEFAULT NULL,
  PRIMARY KEY (`id_usuario_app`)
) ENGINE=InnoDB AUTO_INCREMENT=22 DEFAULT CHARSET=utf8mb4 COLLATE=utf8mb4_0900_ai_ci;
/*!40101 SET character_set_client = @saved_cs_client */;

--
-- Dumping data for table `usuarios_app`
--

LOCK TABLES `usuarios_app` WRITE;
/*!40000 ALTER TABLE `usuarios_app` DISABLE KEYS */;
INSERT INTO `usuarios_app` VALUES (1,'Grupo TLK','grupotlk','qwerty123',0,NULL,'PGJE','PERITO CRIMINALISTA',NULL,1,'2021-11-16 16:33:00'),(6,'Administrador','admin','admin',0,NULL,'PGJE','PERITO CRIMINALISTA',NULL,1,'2021-11-16 17:13:40'),(7,'Marco Molina','marco_molina','molina2021',0,'','PGJE','PERITO CRIMINALISTA','',1,'2021-11-22 11:20:03'),(8,'Isac Peralta','isac_peralta','peralta2021',0,'','PGJE','PERITO CRIMINALISTA','',1,'2021-11-22 11:22:32'),(9,'Judith Garciglia','judith_garciglia','garciglia2021',0,'','PGJE','PERITO CRIMINALISTA','',1,'2021-11-22 11:22:32'),(10,'Rodrigo Flores','rodrigo_flores','flores2021',0,'','PGJE','PERITO CRIMINALISTA','',1,'2021-11-22 11:22:32'),(11,'Edith Gonzalez','edith_gonzalez','gonzalez2021',0,'','PGJE','PERITO CRIMINALISTA','',1,'2021-11-22 11:22:32'),(12,'Cristina Diaz','cristina_diaz','diaz2021',0,'','PGJE','PERITO CRIMINALISTA','',1,'2021-11-22 11:22:32'),(13,'Perla Amador','perla_amador','amador2021',0,'','PGJE','PERITO CRIMINALISTA','',1,'2021-11-22 11:35:37'),(14,'Manuel Perez','manuel_perez','perez2021',0,'','PGJE','PERITO CRIMINALISTA','',1,'2021-11-22 11:35:37'),(15,'Guillermo Yee','guillermo_yee','yee2021',0,'','PGJE','PERITO CRIMINALISTA','',1,'2021-11-22 11:35:37'),(16,'Alexis Acevedo','alexis_acevedo','acevedo2021',0,'','PGJE','PERITO CRIMINALISTA','',1,'2021-11-22 11:35:37'),(17,'Edna Navarro','edna_navarro','navarro2021',0,'','PGJE','PERITO CRIMINALISTA','',1,'2021-11-22 11:35:37'),(18,'Ricardo Quijada','ricardo_quijada','quijada2021',0,'','PGJE','PERITO CRIMINALISTA','',1,'2021-11-22 11:35:37'),(19,'Miguel Ramirez','miguel_ramirez','ramirez2021',0,'','PGJE','PERITO CRIMINALISTA','',1,'2021-11-22 11:35:37'),(20,'Ignacio Pacheco','ignacio_pacheco','pacheco2021',0,'','PGJE','PERITO CRIMINALISTA','',1,'2021-11-22 11:35:37'),(21,'Lina Amador','lina_amador','amador2021',0,'','PGJE','PERITO CRIMINALISTA','',1,'2021-11-22 11:35:37');
/*!40000 ALTER TABLE `usuarios_app` ENABLE KEYS */;
UNLOCK TABLES;

--
-- Table structure for table `vehiculo`
--

DROP TABLE IF EXISTS `vehiculo`;
/*!40101 SET @saved_cs_client     = @@character_set_client */;
/*!50503 SET character_set_client = utf8mb4 */;
CREATE TABLE `vehiculo` (
  `id_vehiculo` int NOT NULL AUTO_INCREMENT,
  `identificacion` varchar(255) NOT NULL,
  `marca` varchar(255) NOT NULL,
  `tipo` varchar(255) NOT NULL,
  `linea` varchar(255) NOT NULL,
  `modelo` varchar(255) NOT NULL,
  `color` varchar(255) NOT NULL,
  `noPuertas` varchar(255) NOT NULL,
  `placas` varchar(255) NOT NULL,
  `noIdentificacion` varchar(255) NOT NULL,
  `otroDato` varchar(255) NOT NULL,
  `orientacionFrente` varchar(255) NOT NULL,
  `observacionesE` varchar(255) NOT NULL,
  `observacionesI` varchar(255) NOT NULL,
  `ninguno` varchar(255) NOT NULL,
  `idIndicio` varchar(255) NOT NULL,
  `tipoIndicio` varchar(255) NOT NULL,
  `descripcionIndicio` varchar(255) NOT NULL,
  `ubicacionIndicio` varchar(255) NOT NULL,
  `horaIndicio` varchar(255) NOT NULL,
  `observacionGeneral` varchar(255) NOT NULL,
  `traslado` varchar(255) NOT NULL,
  `horaTraslado` varchar(255) NOT NULL,
  `lugarTraslado` varchar(255) NOT NULL,
  `responsableTraslado` varchar(255) NOT NULL,
  `noAplica` varchar(255) NOT NULL,
  `fechaProcesamiento` varchar(255) NOT NULL,
  `inicioProcesamiento` varchar(255) NOT NULL,
  `finalProcesamiento` varchar(255) NOT NULL,
  `nombre` varchar(255) NOT NULL,
  `cargo` varchar(255) NOT NULL,
  `firma` varchar(255) NOT NULL,
  `latitud` varchar(255) NOT NULL,
  `longitud` varchar(255) NOT NULL,
  `fechaCreacion` varchar(255) NOT NULL,
  `nuc` varchar(255) NOT NULL,
  `folio` varchar(255) NOT NULL,
  `entregado` varchar(255) NOT NULL,
  PRIMARY KEY (`id_vehiculo`)
) ENGINE=InnoDB DEFAULT CHARSET=utf8mb4 COLLATE=utf8mb4_0900_ai_ci;
/*!40101 SET character_set_client = @saved_cs_client */;

--
-- Dumping data for table `vehiculo`
--

LOCK TABLES `vehiculo` WRITE;
/*!40000 ALTER TABLE `vehiculo` DISABLE KEYS */;
/*!40000 ALTER TABLE `vehiculo` ENABLE KEYS */;
UNLOCK TABLES;
/*!40103 SET TIME_ZONE=@OLD_TIME_ZONE */;

/*!40101 SET SQL_MODE=@OLD_SQL_MODE */;
/*!40014 SET FOREIGN_KEY_CHECKS=@OLD_FOREIGN_KEY_CHECKS */;
/*!40014 SET UNIQUE_CHECKS=@OLD_UNIQUE_CHECKS */;
/*!40101 SET CHARACTER_SET_CLIENT=@OLD_CHARACTER_SET_CLIENT */;
/*!40101 SET CHARACTER_SET_RESULTS=@OLD_CHARACTER_SET_RESULTS */;
/*!40101 SET COLLATION_CONNECTION=@OLD_COLLATION_CONNECTION */;
/*!40111 SET SQL_NOTES=@OLD_SQL_NOTES */;

-- Dump completed on 2024-04-05 13:53:38
